Watching for file changes with StatReloader
INFO 2026-10-06 12:53:06,648 django.utils.autoreload request_id=- Watching for file changes with StatReloader
INFO 2026-10-06 12:58:13,969 backend.requests request_id=84a48995228b40e7ae91f01df78f3189 request_finished
Not Found: /
WARNING 2026-10-06 12:58:13,971 django.request request_id=- Not Found: /
WARNING 2026-10-06 12:58:13,972 django.server request_id=- "GET / HTTP/1.1" 404 3071
INFO 2026-10-06 12:58:14,063 django.server request_id=- - Broken pipe from ('10.50.27.89', 56034)
WARNING 2026-10-06 12:59:49,882 backend.exceptions request_id=456abc7776b2470d8d51b7eacfd74095 api_request_rejected
INFO 2026-10-06 12:59:49,883 backend.requests request_id=456abc7776b2470d8d51b7eacfd74095 request_finished
Bad Request: /api/auth/admin/login/
WARNING 2026-10-06 12:59:49,883 django.request request_id=- Bad Request: /api/auth/admin/login/
WARNING 2026-10-06 12:59:49,884 django.server request_id=- "POST /api/auth/admin/login/ HTTP/1.1" 400 177
INFO 2026-10-06 12:59:59,354 backend.requests request_id=73767ac020614916a0217d3ee4c044ad request_finished
Bad Request: /api/auth/admin/login/
WARNING 2026-10-06 12:59:59,355 django.request request_id=- Bad Request: /api/auth/admin/login/
WARNING 2026-10-06 12:59:59,355 django.server request_id=- "POST /api/auth/admin/login/ HTTP/1.1" 400 117
INFO 2026-10-06 13:01:57,992 backend.requests request_id=f57c804b969d489898fd87415fa7da30 request_finished
INFO 2026-10-06 13:01:57,992 django.server request_id=- "POST /api/auth/admin/login/ HTTP/1.1" 200 749
INFO 2026-10-06 13:01:58,942 backend.requests request_id=6315e8a003be420ba51ceb3fe5f926ec request_finished
INFO 2026-10-06 13:01:58,943 django.server request_id=- "GET /api/rooms/?page=1&page_size=100 HTTP/1.1" 200 5416
INFO 2026-10-06 13:01:59,026 backend.requests request_id=a12ffd70716243bd93f54c73f75052be request_finished
INFO 2026-10-06 13:01:59,027 django.server request_id=- "GET /api/bookings/?page=1&status=active HTTP/1.1" 200 5416
INFO 2026-10-06 13:01:59,070 backend.requests request_id=9f9ea1864e594e6aa82a21ae67135d13 request_finished
INFO 2026-10-06 13:01:59,071 django.server request_id=- "GET /api/bookings/?page=1&status=expired HTTP/1.1" 200 107
INFO 2026-10-06 13:01:59,118 backend.requests request_id=ce2df05ce4ff4a69810b442d97e758de request_finished
INFO 2026-10-06 13:01:59,119 django.server request_id=- "GET /api/bookings/availability/?month=10&year=2026 HTTP/1.1" 200 10172
INFO 2026-10-06 13:01:59,290 backend.requests request_id=34a4c084a6104e86824c5e322eb7471b request_finished
INFO 2026-10-06 13:01:59,290 django.server request_id=- "GET /api/auth/me/ HTTP/1.1" 200 259
INFO 2026-10-06 13:01:59,885 backend.requests request_id=5c25da38c1e143ca93f3ea55fa7d7147 request_finished
INFO 2026-10-06 13:01:59,887 django.server request_id=- "GET /api/bookings/availability/?month=10&year=2026 HTTP/1.1" 200 10172
INFO 2026-10-06 13:01:59,908 backend.requests request_id=948b57ac136a4e6292d1f7cee6aa3091 request_finished
INFO 2026-10-06 13:01:59,908 django.server request_id=- "GET /api/workflow-notification-counts/ HTTP/1.1" 200 4893
INFO 2026-10-06 13:02:01,386 backend.requests request_id=d3f2c61aff33447196a2a9d21dc316fd request_finished
INFO 2026-10-06 13:02:01,387 django.server request_id=- "GET /api/bookings/availability/?month=10&year=2026 HTTP/1.1" 200 10172
INFO 2026-10-06 13:02:13,374 backend.requests request_id=a31a1014ab0b49b1ad9be920bdedefe6 request_finished
INFO 2026-10-06 13:02:13,380 django.server request_id=- "GET /api/bookings/availability/?month=10&year=2026 HTTP/1.1" 200 10172
INFO 2026-10-06 13:02:16,593 backend.requests request_id=1a83906435e848799851b5082bb14d19 request_finished
INFO 2026-10-06 13:02:16,594 django.server request_id=- "GET /api/bookings/availability/?month=10&year=2026 HTTP/1.1" 200 10172
INFO 2026-10-06 13:02:20,645 backend.requests request_id=cc6d2e626b8b4eb59b75357a799020f4 request_finished
INFO 2026-10-06 13:02:20,647 django.server request_id=- "GET /api/auth/me/ HTTP/1.1" 200 259
INFO 2026-10-06 13:02:21,042 backend.requests request_id=9384a1aac28f45319ca92dbe51c68c43 request_finished
INFO 2026-10-06 13:02:21,043 django.server request_id=- "GET /api/workflow-notification-counts/ HTTP/1.1" 200 4893
INFO 2026-10-06 13:02:22,887 backend.requests request_id=9ab6f6ec155943fdaceec141255f0f59 request_finished
INFO 2026-10-06 13:02:22,888 django.server request_id=- "GET /api/workflow-notification-counts/ HTTP/1.1" 200 4893
INFO 2026-10-06 13:02:22,915 backend.requests request_id=79664d4fdb064e25a79a729b7cac0c4d request_finished
INFO 2026-10-06 13:02:22,915 django.server request_id=- "GET /api/bookings/44/ HTTP/1.1" 200 1121
INFO 2026-10-06 13:02:26,787 backend.requests request_id=b5f9a968af274036b1dd921fdd245ca1 request_finished
INFO 2026-10-06 13:02:26,788 django.server request_id=- "GET /api/rooms/?page=1&page_size=100 HTTP/1.1" 200 5416
INFO 2026-10-06 13:02:26,806 backend.requests request_id=524d955fa9e5401e88348a37afd934ec request_finished
INFO 2026-10-06 13:02:26,807 django.server request_id=- "GET /api/workflow-notification-counts/ HTTP/1.1" 200 4893
INFO 2026-10-06 13:02:34,556 bookings.views request_id=0002ad29816640038425fdb339e5ac2a booking_updated
ERROR 2026-10-06 13:02:38,761 bookings.services.google_sheet_sync request_id=0002ad29816640038425fdb339e5ac2a Failed to queue Google Sheet calendar sync task
Traceback (most recent call last):
  File "C:\Users\LENOVO\RoomBooking_backend\venv\Lib\site-packages\kombu\utils\functional.py", line 32, in __call__
    return self.__value__
           ^^^^^^^^^^^^^^
AttributeError: 'ChannelPromise' object has no attribute '__value__'. Did you mean: '__call__'?

During handling of the above exception, another exception occurred:

Traceback (most recent call last):
  File "C:\Users\LENOVO\RoomBooking_backend\venv\Lib\site-packages\kombu\transport\virtual\base.py", line 951, in create_channel
    return self._avail_channels.pop()
           ~~~~~~~~~~~~~~~~~~~~~~~~^^
IndexError: pop from empty list

During handling of the above exception, another exception occurred:

Traceback (most recent call last):
  File "C:\Users\LENOVO\RoomBooking_backend\venv\Lib\site-packages\redis\connection.py", line 855, in connect_check_health
    sock = self.retry.call_with_retry(
        lambda: self._connect(), lambda error: self.disconnect(error)
    )
  File "C:\Users\LENOVO\RoomBooking_backend\venv\Lib\site-packages\redis\retry.py", line 116, in call_with_retry
    return do()
  File "C:\Users\LENOVO\RoomBooking_backend\venv\Lib\site-packages\redis\connection.py", line 856, in <lambda>
    lambda: self._connect(), lambda error: self.disconnect(error)
            ~~~~~~~~~~~~~^^
  File "C:\Users\LENOVO\RoomBooking_backend\venv\Lib\site-packages\redis\connection.py", line 1306, in _connect
    raise err
  File "C:\Users\LENOVO\RoomBooking_backend\venv\Lib\site-packages\redis\connection.py", line 1290, in _connect
    sock.connect(socket_address)
    ~~~~~~~~~~~~^^^^^^^^^^^^^^^^
ConnectionRefusedError: [WinError 10061] No connection could be made because the target machine actively refused it

During handling of the above exception, another exception occurred:

Traceback (most recent call last):
  File "C:\Users\LENOVO\RoomBooking_backend\venv\Lib\site-packages\kombu\connection.py", line 474, in _reraise_as_library_errors
    yield
  File "C:\Users\LENOVO\RoomBooking_backend\venv\Lib\site-packages\kombu\connection.py", line 461, in _ensure_connection
    return retry_over_time(
        self._connection_factory, self.recoverable_connection_errors,
    ...<2 lines>...
        callback, timeout=timeout
    )
  File "C:\Users\LENOVO\RoomBooking_backend\venv\Lib\site-packages\kombu\utils\functional.py", line 318, in retry_over_time
    return fun(*args, **kwargs)
  File "C:\Users\LENOVO\RoomBooking_backend\venv\Lib\site-packages\kombu\connection.py", line 941, in _connection_factory
    self._connection = self._establish_connection()
                       ~~~~~~~~~~~~~~~~~~~~~~~~~~^^
  File "C:\Users\LENOVO\RoomBooking_backend\venv\Lib\site-packages\kombu\connection.py", line 863, in _establish_connection
    conn = self.transport.establish_connection()
  File "C:\Users\LENOVO\RoomBooking_backend\venv\Lib\site-packages\kombu\transport\virtual\base.py", line 975, in establish_connection
    self._avail_channels.append(self.create_channel(self))
                                ~~~~~~~~~~~~~~~~~~~^^^^^^
  File "C:\Users\LENOVO\RoomBooking_backend\venv\Lib\site-packages\kombu\transport\virtual\base.py", line 953, in create_channel
    channel = self.Channel(connection)
  File "C:\Users\LENOVO\RoomBooking_backend\venv\Lib\site-packages\kombu\transport\redis.py", line 757, in __init__
    self.client.ping()
    ~~~~~~~~~~~~~~~~^^
  File "C:\Users\LENOVO\RoomBooking_backend\venv\Lib\site-packages\redis\commands\core.py", line 1226, in ping
    return self.execute_command("PING", **kwargs)
           ~~~~~~~~~~~~~~~~~~~~^^^^^^^^^^^^^^^^^^
  File "C:\Users\LENOVO\RoomBooking_backend\venv\Lib\site-packages\redis\client.py", line 657, in execute_command
    return self._execute_command(*args, **options)
           ~~~~~~~~~~~~~~~~~~~~~^^^^^^^^^^^^^^^^^^
  File "C:\Users\LENOVO\RoomBooking_backend\venv\Lib\site-packages\redis\client.py", line 663, in _execute_command
    conn = self.connection or pool.get_connection()
                              ~~~~~~~~~~~~~~~~~~~^^
  File "C:\Users\LENOVO\RoomBooking_backend\venv\Lib\site-packages\redis\utils.py", line 196, in wrapper
    return func(*args, **kwargs)
  File "C:\Users\LENOVO\RoomBooking_backend\venv\Lib\site-packages\redis\connection.py", line 2603, in get_connection
    connection.connect()
    ~~~~~~~~~~~~~~~~~~^^
  File "C:\Users\LENOVO\RoomBooking_backend\venv\Lib\site-packages\redis\connection.py", line 846, in connect
    self.connect_check_health(check_health=True)
    ~~~~~~~~~~~~~~~~~~~~~~~~~^^^^^^^^^^^^^^^^^^^
  File "C:\Users\LENOVO\RoomBooking_backend\venv\Lib\site-packages\redis\connection.py", line 863, in connect_check_health
    raise ConnectionError(self._error_message(e))
redis.exceptions.ConnectionError: Error 10061 connecting to 127.0.0.1:6379. No connection could be made because the target machine actively refused it.

The above exception was the direct cause of the following exception:

Traceback (most recent call last):
  File "C:\Users\LENOVO\RoomBooking_backend\bookings\services\google_sheet_sync.py", line 496, in request_calendar_sync
    sync_google_sheet_calendar.delay()
    ~~~~~~~~~~~~~~~~~~~~~~~~~~~~~~~~^^
  File "C:\Users\LENOVO\RoomBooking_backend\venv\Lib\site-packages\celery\app\task.py", line 444, in delay
    return self.apply_async(args, kwargs)
           ~~~~~~~~~~~~~~~~^^^^^^^^^^^^^^
  File "C:\Users\LENOVO\RoomBooking_backend\venv\Lib\site-packages\celery\app\task.py", line 608, in apply_async
    return app.send_task(
           ~~~~~~~~~~~~~^
        self.name, args, kwargs, task_id=task_id, producer=producer,
        ^^^^^^^^^^^^^^^^^^^^^^^^^^^^^^^^^^^^^^^^^^^^^^^^^^^^^^^^^^^^
    ...<2 lines>...
        **options
        ^^^^^^^^^
    )
    ^
  File "C:\Users\LENOVO\RoomBooking_backend\venv\Lib\site-packages\celery\app\base.py", line 947, in send_task
    amqp.send_task_message(P, name, message, **options)
    ~~~~~~~~~~~~~~~~~~~~~~^^^^^^^^^^^^^^^^^^^^^^^^^^^^^
  File "C:\Users\LENOVO\RoomBooking_backend\venv\Lib\site-packages\celery\app\amqp.py", line 559, in send_task_message
    ret = producer.publish(
        body,
    ...<8 lines>...
        **properties
    )
  File "C:\Users\LENOVO\RoomBooking_backend\venv\Lib\site-packages\kombu\messaging.py", line 190, in publish
    return _publish(
        body, priority, content_type, content_encoding,
        headers, properties, routing_key, mandatory, immediate,
        exchange_name, declare, timeout, confirm_timeout, retry, retry_policy
    )
  File "C:\Users\LENOVO\RoomBooking_backend\venv\Lib\site-packages\kombu\connection.py", line 558, in _ensured
    return fun(*args, **kwargs)
  File "C:\Users\LENOVO\RoomBooking_backend\venv\Lib\site-packages\kombu\messaging.py", line 200, in _publish
    channel = self.channel
              ^^^^^^^^^^^^
  File "C:\Users\LENOVO\RoomBooking_backend\venv\Lib\site-packages\kombu\messaging.py", line 224, in _get_channel
    channel = self._channel = channel()
                              ~~~~~~~^^
  File "C:\Users\LENOVO\RoomBooking_backend\venv\Lib\site-packages\kombu\utils\functional.py", line 34, in __call__
    value = self.__value__ = self.__contract__()
                             ~~~~~~~~~~~~~~~~~^^
  File "C:\Users\LENOVO\RoomBooking_backend\venv\Lib\site-packages\kombu\messaging.py", line 240, in <lambda>
    channel = ChannelPromise(lambda: connection.default_channel)
                                     ^^^^^^^^^^^^^^^^^^^^^^^^^^
  File "C:\Users\LENOVO\RoomBooking_backend\venv\Lib\site-packages\kombu\connection.py", line 960, in default_channel
    self._ensure_connection(**conn_opts)
    ~~~~~~~~~~~~~~~~~~~~~~~^^^^^^^^^^^^^
  File "C:\Users\LENOVO\RoomBooking_backend\venv\Lib\site-packages\kombu\connection.py", line 460, in _ensure_connection
    with ctx():
         ~~~^^
  File "C:\Users\LENOVO\AppData\Local\Programs\Python\Python313\Lib\contextlib.py", line 162, in __exit__
    self.gen.throw(value)
    ~~~~~~~~~~~~~~^^^^^^^
  File "C:\Users\LENOVO\RoomBooking_backend\venv\Lib\site-packages\kombu\connection.py", line 478, in _reraise_as_library_errors
    raise ConnectionError(str(exc)) from exc
kombu.exceptions.OperationalError: Error 10061 connecting to 127.0.0.1:6379. No connection could be made because the target machine actively refused it.
INFO 2026-10-06 13:02:38,782 backend.requests request_id=0002ad29816640038425fdb339e5ac2a request_finished
INFO 2026-10-06 13:02:38,783 django.server request_id=- "PATCH /api/bookings/44/edit/ HTTP/1.1" 200 272
INFO 2026-10-06 13:02:38,989 backend.requests request_id=444e3be26d1b4205bdd88c9a7ea4f21c request_finished
INFO 2026-10-06 13:02:38,989 django.server request_id=- "GET /api/bookings/44/ HTTP/1.1" 200 2000
INFO 2026-10-06 13:02:39,268 backend.requests request_id=3e5fe94d0c0246bb8b0c036f810a8503 request_finished
INFO 2026-10-06 13:02:39,270 django.server request_id=- "GET /api/auth/me/ HTTP/1.1" 200 259
INFO 2026-10-06 13:02:39,528 backend.requests request_id=699168e537c64591becff15783ddc20c request_finished
INFO 2026-10-06 13:02:39,529 django.server request_id=- "GET /api/workflow-notification-counts/ HTTP/1.1" 200 4893
INFO 2026-10-06 13:02:47,588 backend.requests request_id=f3ce89cadd1f4eadb21fe79fc97780aa request_finished
INFO 2026-10-06 13:02:47,599 django.server request_id=- "GET /api/bookings/?page=1&status=active HTTP/1.1" 200 5401
INFO 2026-10-06 13:02:47,652 backend.requests request_id=754a709001184c8cb162a3c1ef3bdfbc request_finished
INFO 2026-10-06 13:02:47,653 django.server request_id=- "GET /api/workflow-notification-counts/ HTTP/1.1" 200 4893
INFO 2026-10-06 13:03:04,686 backend.requests request_id=634b93db9d184975b830662a5624830f request_finished
INFO 2026-10-06 13:03:04,687 django.server request_id=- "GET /api/auth/me/ HTTP/1.1" 200 259
INFO 2026-10-06 13:03:05,025 backend.requests request_id=58616d74b11f47a1b5412c91b726ef9c request_finished
INFO 2026-10-06 13:03:05,037 django.server request_id=- "GET /api/bookings/availability/?month=10&year=2026 HTTP/1.1" 200 10172
INFO 2026-10-06 13:03:05,162 backend.requests request_id=389bd9d44ae8453dabb99b7330f6596d request_finished
INFO 2026-10-06 13:03:05,163 django.server request_id=- "GET /api/workflow-notification-counts/ HTTP/1.1" 200 4893
INFO 2026-10-06 13:03:07,595 backend.requests request_id=5df10af5a2bf48f0a1d4da34d9d9b02d request_finished
INFO 2026-10-06 13:03:07,607 django.server request_id=- "GET /api/bookings/availability/details/?date=2026-10-19&prefix=Delta HTTP/1.1" 200 150
INFO 2026-10-06 13:03:18,993 backend.requests request_id=ff6ce759a95e4dc1b3cad717b4bc173c request_finished
INFO 2026-10-06 13:03:19,005 django.server request_id=- "GET /api/room-available-rooms-range/?arrival_date=2026-10-14&departure_date=2026-10-23&prefix=Delta HTTP/1.1" 200 1779
INFO 2026-10-06 13:03:26,594 backend.requests request_id=60ff95df75304522bab70a1b60c61805 request_finished
INFO 2026-10-06 13:03:26,606 django.server request_id=- "GET /api/room-available-rooms-range/?arrival_date=2026-10-14&departure_date=2026-10-23&prefix=Delta HTTP/1.1" 200 1779
INFO 2026-10-06 13:03:26,766 backend.requests request_id=e5a46498a0cb43428693314f983a56e9 request_finished
INFO 2026-10-06 13:03:26,766 django.server request_id=- "GET /api/auth/me/ HTTP/1.1" 200 259
INFO 2026-10-06 13:03:27,068 backend.requests request_id=5b00588b1b074563b48221164e391f58 request_finished
INFO 2026-10-06 13:03:27,081 django.server request_id=- "GET /api/room-available-rooms-range/?arrival_date=2026-10-14&departure_date=2026-10-23&prefix=Gamma HTTP/1.1" 200 1320
INFO 2026-10-06 13:03:27,083 backend.requests request_id=474ca3375c7c444b9870c82d61388704 request_finished
INFO 2026-10-06 13:03:27,083 django.server request_id=- "GET /api/workflow-notification-counts/ HTTP/1.1" 200 4893
INFO 2026-10-06 13:03:27,210 backend.requests request_id=e5d915b8094b44868f1677135e430f89 request_finished
INFO 2026-10-06 13:03:27,210 django.server request_id=- "GET /api/room-available-rooms-range/?arrival_date=2026-10-14&departure_date=2026-10-23&prefix=Beta HTTP/1.1" 200 2916
INFO 2026-10-06 13:03:32,574 backend.requests request_id=53154f0d4bb24bf98e38d40c649c62c3 request_finished
INFO 2026-10-06 13:03:32,585 django.server request_id=- "GET /api/bookings/availability/?month=10&year=2026 HTTP/1.1" 200 10172
INFO 2026-10-06 13:03:32,671 backend.requests request_id=e57d77fb09f74b92bc28c3add12ee1ff request_finished
INFO 2026-10-06 13:03:32,672 django.server request_id=- "GET /api/workflow-notification-counts/ HTTP/1.1" 200 4893
INFO 2026-10-06 13:03:37,022 backend.requests request_id=9e574c4a905f4537b6bebad513cac00a request_finished
INFO 2026-10-06 13:03:37,034 django.server request_id=- "GET /api/bookings/?page=1&status=active HTTP/1.1" 200 5401
INFO 2026-10-06 13:03:37,232 backend.requests request_id=45ff8d51e4e142938f86e8a10ea04cba request_finished
INFO 2026-10-06 13:03:37,232 django.server request_id=- "GET /api/auth/me/ HTTP/1.1" 200 259
INFO 2026-10-06 13:03:37,759 backend.requests request_id=679ac18881f34f73bc98f1c7d2ac7699 request_finished
INFO 2026-10-06 13:03:37,771 django.server request_id=- "GET /api/workflow-notification-counts/ HTTP/1.1" 200 4893
INFO 2026-10-06 13:03:39,481 backend.requests request_id=eebe565965ca48f09075330d469650b3 request_finished
INFO 2026-10-06 13:03:39,486 backend.requests request_id=19bd0649556a47d09cc07f6cf1c2bbae request_finished
INFO 2026-10-06 13:03:39,492 django.server request_id=- "GET /api/bookings/44/ HTTP/1.1" 200 2000
INFO 2026-10-06 13:03:39,492 django.server request_id=- "GET /api/workflow-notification-counts/ HTTP/1.1" 200 4893
INFO 2026-10-06 13:03:43,048 backend.requests request_id=20a11c81d9424e3fa24764a6b31597b2 request_finished
INFO 2026-10-06 13:03:43,049 django.server request_id=- "GET /api/rooms/?page=1&page_size=100 HTTP/1.1" 200 5416
INFO 2026-10-06 13:03:43,065 backend.requests request_id=bd2a71d8ed8d4cea9a7cbfc0b3b27350 request_finished
INFO 2026-10-06 13:03:43,066 django.server request_id=- "GET /api/workflow-notification-counts/ HTTP/1.1" 200 4893
INFO 2026-10-06 13:03:50,583 backend.requests request_id=f0b991c26a644f30b2f81d011cb3d5cb request_finished
INFO 2026-10-06 13:03:50,595 django.server request_id=- "GET /api/auth/me/ HTTP/1.1" 200 259
INFO 2026-10-06 13:03:50,934 backend.requests request_id=b6f9f56dee444fd58d0eea47c088771b request_finished
INFO 2026-10-06 13:03:50,935 django.server request_id=- "GET /api/workflow-notification-counts/ HTTP/1.1" 200 4893
INFO 2026-10-06 13:03:52,235 backend.requests request_id=9b6dcc1f41ea42b29b0a66a78c18f008 request_finished
INFO 2026-10-06 13:03:52,235 django.server request_id=- "GET /api/workflow-notification-counts/ HTTP/1.1" 200 4893
INFO 2026-10-06 13:03:55,650 backend.requests request_id=d3534c0a47a347c3bd23636af2c157c0 request_finished
INFO 2026-10-06 13:03:55,651 django.server request_id=- "GET /api/bookings/availability/?month=10&year=2026 HTTP/1.1" 200 10172
INFO 2026-10-06 13:03:55,734 backend.requests request_id=0680d35410344f1cb9b1374d0201aa67 request_finished
INFO 2026-10-06 13:03:55,734 django.server request_id=- "GET /api/workflow-notification-counts/ HTTP/1.1" 200 4893
INFO 2026-10-06 13:04:07,293 backend.requests request_id=188d2510bf60448b81717239073d984f request_finished
INFO 2026-10-06 13:04:07,294 django.server request_id=- "GET /api/room-available-rooms-range/?arrival_date=2026-10-01&departure_date=2026-10-07&prefix=Delta HTTP/1.1" 200 1806
INFO 2026-10-06 13:04:23,581 backend.requests request_id=7fddc5e64a2b41a9a719d9d45545c165 request_finished
INFO 2026-10-06 13:04:23,582 django.server request_id=- "GET /api/room-available-rooms-range/?arrival_date=2026-10-23&departure_date=2026-10-29&prefix=Delta HTTP/1.1" 200 1806
INFO 2026-10-06 13:04:25,745 backend.requests request_id=de29406fd964417c9527a746fb67c0e7 request_finished
INFO 2026-10-06 13:04:25,746 django.server request_id=- "GET /api/workflow-notification-counts/ HTTP/1.1" 200 4893
INFO 2026-10-06 13:04:31,946 backend.requests request_id=b892013a733f4af4b3e88785ce75853e request_finished
INFO 2026-10-06 13:04:31,947 django.server request_id=- "GET /api/room-available-rooms-range/?arrival_date=2026-10-24&departure_date=2026-10-29&prefix=Delta HTTP/1.1" 200 1806
INFO 2026-10-06 13:04:47,445 backend.requests request_id=c22c91ff48c64c21bb59f92d174e5584 request_finished
INFO 2026-10-06 13:04:47,446 django.server request_id=- "GET /api/bookings/availability/details/?date=2026-10-23&prefix=Delta HTTP/1.1" 200 150
INFO 2026-10-06 13:04:51,649 backend.requests request_id=7fe1e676d8ec4528a4d83a6e2af1c97a request_finished
INFO 2026-10-06 13:04:51,660 django.server request_id=- "GET /api/room-available-rooms-range/?arrival_date=2026-10-23&departure_date=2026-10-26&prefix=Delta HTTP/1.1" 200 2022
INFO 2026-10-06 13:04:55,751 backend.requests request_id=0393b5b66dcb4bc5a631afa716ce826f request_finished
INFO 2026-10-06 13:04:55,751 django.server request_id=- "GET /api/workflow-notification-counts/ HTTP/1.1" 200 4893
INFO 2026-10-06 13:04:59,984 backend.requests request_id=c72b46e0cd4349f09e0dc5b7f6bca12d request_finished
INFO 2026-10-06 13:04:59,984 django.server request_id=- "GET /api/room-available-rooms-range/?arrival_date=2026-10-22&departure_date=2026-10-26&prefix=Delta HTTP/1.1" 200 2022
INFO 2026-10-06 13:05:14,080 backend.requests request_id=a178bf1b01ce4835b660286fe64e6893 request_finished
INFO 2026-10-06 13:05:14,080 django.server request_id=- "GET /api/auth/me/ HTTP/1.1" 200 259
INFO 2026-10-06 13:05:14,402 backend.requests request_id=7ec1ec6ccb08435abc93c8864732569c request_finished
INFO 2026-10-06 13:05:14,416 django.server request_id=- "GET /api/bookings/?page=1&status=active HTTP/1.1" 200 5401
INFO 2026-10-06 13:05:14,425 backend.requests request_id=41225ea9582a44b98abf51ddea18adbe request_finished
INFO 2026-10-06 13:05:14,425 django.server request_id=- "GET /api/workflow-notification-counts/ HTTP/1.1" 200 4893
INFO 2026-10-06 13:05:18,340 backend.requests request_id=b94a806d876f40839f0f8edefdd969c4 request_finished
INFO 2026-10-06 13:05:18,341 django.server request_id=- "GET /api/bookings/availability/?month=10&year=2026 HTTP/1.1" 200 10172
INFO 2026-10-06 13:05:18,448 backend.requests request_id=33aea63c412c4e95aac330662bc4b730 request_finished
INFO 2026-10-06 13:05:18,449 django.server request_id=- "GET /api/workflow-notification-counts/ HTTP/1.1" 200 4893
INFO 2026-10-06 13:05:26,443 backend.requests request_id=de007a02e8fb4386a0057919b56cf069 request_finished
INFO 2026-10-06 13:05:26,444 django.server request_id=- "GET /api/room-available-rooms-range/?arrival_date=2026-10-23&departure_date=2026-10-26&prefix=Gamma HTTP/1.1" 200 1320
INFO 2026-10-06 13:05:31,740 backend.requests request_id=33661ceaf3bf4b51b415292f6ca75779 request_finished
INFO 2026-10-06 13:05:31,741 django.server request_id=- "GET /api/room-available-rooms-range/?arrival_date=2026-10-24&departure_date=2026-10-26&prefix=Gamma HTTP/1.1" 200 1536
INFO 2026-10-06 13:05:42,905 backend.requests request_id=f1fefc4bace44e30a35a7d363908d814 request_finished
INFO 2026-10-06 13:05:42,906 django.server request_id=- "GET /api/room-available-rooms-range/?arrival_date=2026-10-07&departure_date=2026-10-16&prefix=Beta HTTP/1.1" 200 2702
INFO 2026-10-06 13:05:48,441 backend.requests request_id=bebda20789894ed5ad90d429d7748cda request_finished
INFO 2026-10-06 13:05:48,442 django.server request_id=- "GET /api/workflow-notification-counts/ HTTP/1.1" 200 4893
INFO 2026-10-06 13:05:52,594 backend.requests request_id=f8872b21e9bf4b989d95cac42980c4c4 request_finished
INFO 2026-10-06 13:05:52,595 django.server request_id=- "GET /api/auth/me/ HTTP/1.1" 200 259
INFO 2026-10-06 13:05:53,058 backend.requests request_id=4894014ba17f42f18e6d18296f00affe request_finished
INFO 2026-10-06 13:05:53,059 django.server request_id=- "GET /api/workflow-notification-counts/ HTTP/1.1" 200 4893
INFO 2026-10-06 13:05:54,179 backend.requests request_id=74c6e17317b04c5486ac41493116cfee request_finished
INFO 2026-10-06 13:05:54,179 django.server request_id=- "GET /api/bookings/?page=2&status=active HTTP/1.1" 200 3206
INFO 2026-10-06 13:06:00,334 backend.requests request_id=2326c61fa03d4a8b9a553186e669d5e9 request_finished
INFO 2026-10-06 13:06:00,336 django.server request_id=- "GET /api/bookings/44/ HTTP/1.1" 200 2000
INFO 2026-10-06 13:06:00,348 backend.requests request_id=622f31a64f4a4d54aff3debac07959f2 request_finished
INFO 2026-10-06 13:06:00,348 django.server request_id=- "GET /api/workflow-notification-counts/ HTTP/1.1" 200 4893
INFO 2026-10-06 13:06:02,912 backend.requests request_id=f7b7bbbca85744f1aedc84e902766224 request_finished
INFO 2026-10-06 13:06:02,923 django.server request_id=- "GET /api/auth/me/ HTTP/1.1" 200 259
INFO 2026-10-06 13:06:03,392 backend.requests request_id=38b8500b6af34b7b991c7cfce6f2d098 request_finished
INFO 2026-10-06 13:06:03,405 django.server request_id=- "GET /api/rooms/?page=1&page_size=100 HTTP/1.1" 200 5416
INFO 2026-10-06 13:06:03,407 backend.requests request_id=2594e1b883c34ca9992bb0934ae01cf8 request_finished
INFO 2026-10-06 13:06:03,407 django.server request_id=- "GET /api/workflow-notification-counts/ HTTP/1.1" 200 4893
INFO 2026-10-06 13:06:10,774 backend.requests request_id=db1b0f5ccc3041a192c6b880029e8092 request_finished
INFO 2026-10-06 13:06:10,774 django.server request_id=- "GET /api/workflow-notification-counts/ HTTP/1.1" 200 4893
INFO 2026-10-06 13:06:12,492 backend.requests request_id=db37306d7b9e40ab9bb065e4d8bc818d request_finished
INFO 2026-10-06 13:06:12,504 django.server request_id=- "GET /api/bookings/?page=1&status=active HTTP/1.1" 200 5401
INFO 2026-10-06 13:06:12,583 backend.requests request_id=b24fb5d2fad54c9dbb3bb3b7d1794edf request_finished
INFO 2026-10-06 13:06:12,584 django.server request_id=- "GET /api/workflow-notification-counts/ HTTP/1.1" 200 4893
INFO 2026-10-06 13:06:14,038 backend.requests request_id=5580b1adeab24fdbaf19ac3fce8f47b5 request_finished
INFO 2026-10-06 13:06:14,039 django.server request_id=- "GET /api/bookings/?page=2&status=active HTTP/1.1" 200 3206
INFO 2026-10-06 13:06:25,502 backend.requests request_id=133a25b34c594ebe87a95990acbf65d9 request_finished
INFO 2026-10-06 13:06:25,515 django.server request_id=- "GET /api/auth/me/ HTTP/1.1" 200 259
INFO 2026-10-06 13:06:25,630 backend.requests request_id=06a13c5a05b44d0db92c2ccc5f10dc37 request_finished
INFO 2026-10-06 13:06:25,631 django.server request_id=- "GET /api/bookings/availability/?month=10&year=2026 HTTP/1.1" 200 10172
INFO 2026-10-06 13:06:33,635 backend.requests request_id=63eb0460673e43208e65c4b38246a9aa request_finished
INFO 2026-10-06 13:06:33,647 django.server request_id=- "GET /api/workflow-notification-counts/ HTTP/1.1" 200 4893
INFO 2026-10-06 13:06:47,989 backend.requests request_id=48388523b7c1485da8735e5ecb95e4b6 request_finished
INFO 2026-10-06 13:06:48,000 django.server request_id=- "GET /api/auth/me/ HTTP/1.1" 200 259
INFO 2026-10-06 13:06:48,458 backend.requests request_id=39dd8827308e40b89fc15c566b787ab1 request_finished
INFO 2026-10-06 13:06:48,470 django.server request_id=- "GET /api/workflow-notification-counts/ HTTP/1.1" 200 4893
INFO 2026-10-06 13:06:50,326 backend.requests request_id=252cf26d547a4edab57853cb42c03594 request_finished
INFO 2026-10-06 13:06:50,327 backend.requests request_id=f282e8f9daa241f9a343c48437c8812d request_finished
INFO 2026-10-06 13:06:50,337 django.server request_id=- "GET /api/bookings/44/ HTTP/1.1" 200 2000
INFO 2026-10-06 13:06:50,338 django.server request_id=- "GET /api/workflow-notification-counts/ HTTP/1.1" 200 4893
INFO 2026-10-06 13:06:53,599 backend.requests request_id=4a5fe55ebc2f40bbab5d5a169eb1677a request_finished
INFO 2026-10-06 13:06:53,600 django.server request_id=- "GET /api/rooms/?page=1&page_size=100 HTTP/1.1" 200 5416
INFO 2026-10-06 13:06:53,617 backend.requests request_id=a293e1adf5de41069d3ab10b2c76e2c3 request_finished
INFO 2026-10-06 13:06:53,618 django.server request_id=- "GET /api/workflow-notification-counts/ HTTP/1.1" 200 4893
WARNING 2026-10-06 13:07:23,593 backend.exceptions request_id=03f2338580d84464b7e3da61c3b172fc api_request_rejected
INFO 2026-10-06 13:07:23,594 backend.requests request_id=03f2338580d84464b7e3da61c3b172fc request_finished
Unauthorized: /api/workflow-notification-counts/
WARNING 2026-10-06 13:07:23,594 django.request request_id=- Unauthorized: /api/workflow-notification-counts/
WARNING 2026-10-06 13:07:23,595 django.server request_id=- "GET /api/workflow-notification-counts/ HTTP/1.1" 401 194
INFO 2026-10-06 13:07:23,622 backend.requests request_id=93e864b68d834fddb2416cada944d929 request_finished
INFO 2026-10-06 13:07:23,622 django.server request_id=- "POST /api/auth/token/refresh/ HTTP/1.1" 200 245
INFO 2026-10-06 13:07:23,659 backend.requests request_id=9735267fad504c52a611418bf5a23ca2 request_finished
INFO 2026-10-06 13:07:23,660 django.server request_id=- "GET /api/workflow-notification-counts/ HTTP/1.1" 200 4893
INFO 2026-10-06 13:07:44,191 backend.requests request_id=53c0f592b5cd41c597cc33756b536b55 request_finished
INFO 2026-10-06 13:07:44,202 django.server request_id=- "GET /api/auth/me/ HTTP/1.1" 200 259
INFO 2026-10-06 13:07:44,562 backend.requests request_id=989651a535cc4352ac5a7fcca9bd8b1e request_finished
INFO 2026-10-06 13:07:44,575 django.server request_id=- "GET /api/workflow-notification-counts/ HTTP/1.1" 200 4893
INFO 2026-10-06 13:07:47,427 backend.requests request_id=e45d5bc0392f4d44887085ec685b81ab request_finished
INFO 2026-10-06 13:07:47,439 django.server request_id=- "GET /api/bookings/?page=1&status=active HTTP/1.1" 200 5401
INFO 2026-10-06 13:07:47,531 backend.requests request_id=f6de3443ae034bca9f9a12508c3734cb request_finished
INFO 2026-10-06 13:07:47,532 django.server request_id=- "GET /api/workflow-notification-counts/ HTTP/1.1" 200 4893
INFO 2026-10-06 13:07:50,286 backend.requests request_id=1eb10f5272344db99f51702e534b734f request_finished
INFO 2026-10-06 13:07:50,298 django.server request_id=- "GET /api/bookings/availability/?month=10&year=2026 HTTP/1.1" 200 10172
INFO 2026-10-06 13:07:50,398 backend.requests request_id=f6b905896c2e4d21bcf2d6f83e8f55db request_finished
INFO 2026-10-06 13:07:50,399 django.server request_id=- "GET /api/workflow-notification-counts/ HTTP/1.1" 200 4893
INFO 2026-10-06 13:08:04,626 backend.requests request_id=9c17a3a27dd148c5b1523c35333c6f8f request_finished
INFO 2026-10-06 13:08:04,637 django.server request_id=- "GET /api/auth/me/ HTTP/1.1" 200 259
INFO 2026-10-06 13:08:05,160 backend.requests request_id=2d3305640476447ebe7a5f1bcfbad5f2 request_finished
INFO 2026-10-06 13:08:05,172 django.server request_id=- "GET /api/workflow-notification-counts/ HTTP/1.1" 200 4893
INFO 2026-10-06 13:08:08,412 backend.requests request_id=f39f5bb118c04ec4b268c9cb0ddc9ffb request_finished
INFO 2026-10-06 13:08:08,413 django.server request_id=- "GET /api/workflow-notification-counts/ HTTP/1.1" 200 4893
INFO 2026-10-06 13:08:09,583 backend.requests request_id=f2f5032b2f66487a98c7e80a959aee86 request_finished
INFO 2026-10-06 13:08:09,583 django.server request_id=- "GET /api/bookings/availability/details/?date=2026-10-15&prefix=Delta HTTP/1.1" 200 448
INFO 2026-10-06 13:08:20,936 backend.requests request_id=ef37702da63c402d8fbaf91087122e4a request_finished
INFO 2026-10-06 13:08:20,948 django.server request_id=- "GET /api/auth/me/ HTTP/1.1" 200 259
INFO 2026-10-06 13:08:21,514 backend.requests request_id=6b9fd23f72f944ce82b5af1277fc6dcb request_finished
INFO 2026-10-06 13:08:21,515 django.server request_id=- "GET /api/workflow-notification-counts/ HTTP/1.1" 200 4893
INFO 2026-10-06 13:08:22,978 backend.requests request_id=a1cda6a4ef8d4261bd176b8f4498090a request_finished
INFO 2026-10-06 13:08:22,979 backend.requests request_id=8890487641ba4c5caf58ecaebd23a8f9 request_finished
INFO 2026-10-06 13:08:22,990 django.server request_id=- "GET /api/bookings/44/ HTTP/1.1" 200 2000
INFO 2026-10-06 13:08:22,990 django.server request_id=- "GET /api/workflow-notification-counts/ HTTP/1.1" 200 4893
INFO 2026-10-06 13:08:25,798 backend.requests request_id=c04e7e4b940d46c49c0105890ea5fef3 request_finished
INFO 2026-10-06 13:08:25,799 django.server request_id=- "GET /api/rooms/?page=1&page_size=100 HTTP/1.1" 200 5416
INFO 2026-10-06 13:08:25,812 backend.requests request_id=fee115ffc9074d8d9359a6e8e85c72d1 request_finished
INFO 2026-10-06 13:08:25,812 django.server request_id=- "GET /api/workflow-notification-counts/ HTTP/1.1" 200 4893
INFO 2026-10-06 13:08:55,826 backend.requests request_id=e06430e26f2a45c4b4171b81ef20a929 request_finished
INFO 2026-10-06 13:08:55,837 django.server request_id=- "GET /api/workflow-notification-counts/ HTTP/1.1" 200 4893
INFO 2026-10-06 13:09:03,102 backend.requests request_id=667d1b41a9874bc9b7264e0af5c780fa request_finished
INFO 2026-10-06 13:09:03,103 django.server request_id=- "GET /api/auth/me/ HTTP/1.1" 200 259
INFO 2026-10-06 13:09:03,380 backend.requests request_id=71bf6f30e7af451ea8bf740dcd22a710 request_finished
INFO 2026-10-06 13:09:03,381 django.server request_id=- "GET /api/workflow-notification-counts/ HTTP/1.1" 200 4893
INFO 2026-10-06 13:09:05,419 backend.requests request_id=8e9dbfda526b43e2920bafbad3d26a11 request_finished
INFO 2026-10-06 13:09:05,430 django.server request_id=- "GET /api/bookings/?page=1&status=active HTTP/1.1" 200 5401
INFO 2026-10-06 13:09:05,461 backend.requests request_id=ce5cf330de134f16869fa9d154b94d29 request_finished
INFO 2026-10-06 13:09:05,462 django.server request_id=- "GET /api/workflow-notification-counts/ HTTP/1.1" 200 4893
INFO 2026-10-06 13:09:06,793 backend.requests request_id=5cc400bd0e0c420c83cdb3fa6e827d60 request_finished
INFO 2026-10-06 13:09:06,794 django.server request_id=- "GET /api/bookings/?page=2&status=active HTTP/1.1" 200 3206
INFO 2026-10-06 13:09:09,975 backend.requests request_id=e755147243d641c7bde0292711d5471e request_finished
INFO 2026-10-06 13:09:09,977 django.server request_id=- "GET /api/bookings/36/ HTTP/1.1" 200 1087
INFO 2026-10-06 13:09:09,984 backend.requests request_id=6f99fb72a9594be1aeaf610613d29d1f request_finished
INFO 2026-10-06 13:09:09,985 django.server request_id=- "GET /api/workflow-notification-counts/ HTTP/1.1" 200 4893
INFO 2026-10-06 13:09:11,381 backend.requests request_id=7796b0af53ee471dbdee32214e45ced3 request_finished
INFO 2026-10-06 13:09:11,391 django.server request_id=- "GET /api/workflow-notification-counts/ HTTP/1.1" 200 4893
INFO 2026-10-06 13:09:21,098 backend.requests request_id=d3a2cad548d34239b38d6b989e0eb979 request_finished
INFO 2026-10-06 13:09:21,099 django.server request_id=- "GET /api/bookings/?page=1&status=active HTTP/1.1" 200 5401
INFO 2026-10-06 13:09:23,718 backend.requests request_id=106d17e326334296b2af6e1d2c99bc6d request_finished
INFO 2026-10-06 13:09:23,731 django.server request_id=- "GET /api/bookings/?page=2&status=active HTTP/1.1" 200 3206
INFO 2026-10-06 13:09:34,100 bookings.views request_id=67cdada547dd42489a16cb84f3bd469f booking_deleted
INFO 2026-10-06 13:09:34,131 bookings.signals request_id=67cdada547dd42489a16cb84f3bd469f booking_delete_signal booking_id=36 visitor_name=raam
ERROR 2026-10-06 13:09:38,219 bookings.services.google_sheet_sync request_id=67cdada547dd42489a16cb84f3bd469f Failed to queue Google Sheet calendar sync task
Traceback (most recent call last):
  File "C:\Users\LENOVO\RoomBooking_backend\venv\Lib\site-packages\kombu\utils\functional.py", line 32, in __call__
    return self.__value__
           ^^^^^^^^^^^^^^
AttributeError: 'ChannelPromise' object has no attribute '__value__'. Did you mean: '__call__'?

During handling of the above exception, another exception occurred:

Traceback (most recent call last):
  File "C:\Users\LENOVO\RoomBooking_backend\venv\Lib\site-packages\kombu\transport\virtual\base.py", line 951, in create_channel
    return self._avail_channels.pop()
           ~~~~~~~~~~~~~~~~~~~~~~~~^^
IndexError: pop from empty list

During handling of the above exception, another exception occurred:

Traceback (most recent call last):
  File "C:\Users\LENOVO\RoomBooking_backend\venv\Lib\site-packages\redis\connection.py", line 855, in connect_check_health
    sock = self.retry.call_with_retry(
        lambda: self._connect(), lambda error: self.disconnect(error)
    )
  File "C:\Users\LENOVO\RoomBooking_backend\venv\Lib\site-packages\redis\retry.py", line 116, in call_with_retry
    return do()
  File "C:\Users\LENOVO\RoomBooking_backend\venv\Lib\site-packages\redis\connection.py", line 856, in <lambda>
    lambda: self._connect(), lambda error: self.disconnect(error)
            ~~~~~~~~~~~~~^^
  File "C:\Users\LENOVO\RoomBooking_backend\venv\Lib\site-packages\redis\connection.py", line 1306, in _connect
    raise err
  File "C:\Users\LENOVO\RoomBooking_backend\venv\Lib\site-packages\redis\connection.py", line 1290, in _connect
    sock.connect(socket_address)
    ~~~~~~~~~~~~^^^^^^^^^^^^^^^^
ConnectionRefusedError: [WinError 10061] No connection could be made because the target machine actively refused it

During handling of the above exception, another exception occurred:

Traceback (most recent call last):
  File "C:\Users\LENOVO\RoomBooking_backend\venv\Lib\site-packages\kombu\connection.py", line 474, in _reraise_as_library_errors
    yield
  File "C:\Users\LENOVO\RoomBooking_backend\venv\Lib\site-packages\kombu\connection.py", line 461, in _ensure_connection
    return retry_over_time(
        self._connection_factory, self.recoverable_connection_errors,
    ...<2 lines>...
        callback, timeout=timeout
    )
  File "C:\Users\LENOVO\RoomBooking_backend\venv\Lib\site-packages\kombu\utils\functional.py", line 318, in retry_over_time
    return fun(*args, **kwargs)
  File "C:\Users\LENOVO\RoomBooking_backend\venv\Lib\site-packages\kombu\connection.py", line 941, in _connection_factory
    self._connection = self._establish_connection()
                       ~~~~~~~~~~~~~~~~~~~~~~~~~~^^
  File "C:\Users\LENOVO\RoomBooking_backend\venv\Lib\site-packages\kombu\connection.py", line 863, in _establish_connection
    conn = self.transport.establish_connection()
  File "C:\Users\LENOVO\RoomBooking_backend\venv\Lib\site-packages\kombu\transport\virtual\base.py", line 975, in establish_connection
    self._avail_channels.append(self.create_channel(self))
                                ~~~~~~~~~~~~~~~~~~~^^^^^^
  File "C:\Users\LENOVO\RoomBooking_backend\venv\Lib\site-packages\kombu\transport\virtual\base.py", line 953, in create_channel
    channel = self.Channel(connection)
  File "C:\Users\LENOVO\RoomBooking_backend\venv\Lib\site-packages\kombu\transport\redis.py", line 757, in __init__
    self.client.ping()
    ~~~~~~~~~~~~~~~~^^
  File "C:\Users\LENOVO\RoomBooking_backend\venv\Lib\site-packages\redis\commands\core.py", line 1226, in ping
    return self.execute_command("PING", **kwargs)
           ~~~~~~~~~~~~~~~~~~~~^^^^^^^^^^^^^^^^^^
  File "C:\Users\LENOVO\RoomBooking_backend\venv\Lib\site-packages\redis\client.py", line 657, in execute_command
    return self._execute_command(*args, **options)
           ~~~~~~~~~~~~~~~~~~~~~^^^^^^^^^^^^^^^^^^
  File "C:\Users\LENOVO\RoomBooking_backend\venv\Lib\site-packages\redis\client.py", line 663, in _execute_command
    conn = self.connection or pool.get_connection()
                              ~~~~~~~~~~~~~~~~~~~^^
  File "C:\Users\LENOVO\RoomBooking_backend\venv\Lib\site-packages\redis\utils.py", line 196, in wrapper
    return func(*args, **kwargs)
  File "C:\Users\LENOVO\RoomBooking_backend\venv\Lib\site-packages\redis\connection.py", line 2603, in get_connection
    connection.connect()
    ~~~~~~~~~~~~~~~~~~^^
  File "C:\Users\LENOVO\RoomBooking_backend\venv\Lib\site-packages\redis\connection.py", line 846, in connect
    self.connect_check_health(check_health=True)
    ~~~~~~~~~~~~~~~~~~~~~~~~~^^^^^^^^^^^^^^^^^^^
  File "C:\Users\LENOVO\RoomBooking_backend\venv\Lib\site-packages\redis\connection.py", line 863, in connect_check_health
    raise ConnectionError(self._error_message(e))
redis.exceptions.ConnectionError: Error 10061 connecting to 127.0.0.1:6379. No connection could be made because the target machine actively refused it.

The above exception was the direct cause of the following exception:

Traceback (most recent call last):
  File "C:\Users\LENOVO\RoomBooking_backend\bookings\services\google_sheet_sync.py", line 496, in request_calendar_sync
    sync_google_sheet_calendar.delay()
    ~~~~~~~~~~~~~~~~~~~~~~~~~~~~~~~~^^
  File "C:\Users\LENOVO\RoomBooking_backend\venv\Lib\site-packages\celery\app\task.py", line 444, in delay
    return self.apply_async(args, kwargs)
           ~~~~~~~~~~~~~~~~^^^^^^^^^^^^^^
  File "C:\Users\LENOVO\RoomBooking_backend\venv\Lib\site-packages\celery\app\task.py", line 608, in apply_async
    return app.send_task(
           ~~~~~~~~~~~~~^
        self.name, args, kwargs, task_id=task_id, producer=producer,
        ^^^^^^^^^^^^^^^^^^^^^^^^^^^^^^^^^^^^^^^^^^^^^^^^^^^^^^^^^^^^
    ...<2 lines>...
        **options
        ^^^^^^^^^
    )
    ^
  File "C:\Users\LENOVO\RoomBooking_backend\venv\Lib\site-packages\celery\app\base.py", line 947, in send_task
    amqp.send_task_message(P, name, message, **options)
    ~~~~~~~~~~~~~~~~~~~~~~^^^^^^^^^^^^^^^^^^^^^^^^^^^^^
  File "C:\Users\LENOVO\RoomBooking_backend\venv\Lib\site-packages\celery\app\amqp.py", line 559, in send_task_message
    ret = producer.publish(
        body,
    ...<8 lines>...
        **properties
    )
  File "C:\Users\LENOVO\RoomBooking_backend\venv\Lib\site-packages\kombu\messaging.py", line 190, in publish
    return _publish(
        body, priority, content_type, content_encoding,
        headers, properties, routing_key, mandatory, immediate,
        exchange_name, declare, timeout, confirm_timeout, retry, retry_policy
    )
  File "C:\Users\LENOVO\RoomBooking_backend\venv\Lib\site-packages\kombu\connection.py", line 558, in _ensured
    return fun(*args, **kwargs)
  File "C:\Users\LENOVO\RoomBooking_backend\venv\Lib\site-packages\kombu\messaging.py", line 200, in _publish
    channel = self.channel
              ^^^^^^^^^^^^
  File "C:\Users\LENOVO\RoomBooking_backend\venv\Lib\site-packages\kombu\messaging.py", line 224, in _get_channel
    channel = self._channel = channel()
                              ~~~~~~~^^
  File "C:\Users\LENOVO\RoomBooking_backend\venv\Lib\site-packages\kombu\utils\functional.py", line 34, in __call__
    value = self.__value__ = self.__contract__()
                             ~~~~~~~~~~~~~~~~~^^
  File "C:\Users\LENOVO\RoomBooking_backend\venv\Lib\site-packages\kombu\messaging.py", line 240, in <lambda>
    channel = ChannelPromise(lambda: connection.default_channel)
                                     ^^^^^^^^^^^^^^^^^^^^^^^^^^
  File "C:\Users\LENOVO\RoomBooking_backend\venv\Lib\site-packages\kombu\connection.py", line 960, in default_channel
    self._ensure_connection(**conn_opts)
    ~~~~~~~~~~~~~~~~~~~~~~~^^^^^^^^^^^^^
  File "C:\Users\LENOVO\RoomBooking_backend\venv\Lib\site-packages\kombu\connection.py", line 460, in _ensure_connection
    with ctx():
         ~~~^^
  File "C:\Users\LENOVO\AppData\Local\Programs\Python\Python313\Lib\contextlib.py", line 162, in __exit__
    self.gen.throw(value)
    ~~~~~~~~~~~~~~^^^^^^^
  File "C:\Users\LENOVO\RoomBooking_backend\venv\Lib\site-packages\kombu\connection.py", line 478, in _reraise_as_library_errors
    raise ConnectionError(str(exc)) from exc
kombu.exceptions.OperationalError: Error 10061 connecting to 127.0.0.1:6379. No connection could be made because the target machine actively refused it.
INFO 2026-10-06 13:09:38,235 backend.requests request_id=67cdada547dd42489a16cb84f3bd469f request_finished
INFO 2026-10-06 13:09:38,236 django.server request_id=- "DELETE /api/bookings/36/delete/ HTTP/1.1" 200 82
INFO 2026-10-06 13:09:38,294 bookings.views request_id=adefca34d25f41d1a4b54fcf876a36fa booking_deleted
INFO 2026-10-06 13:09:38,312 bookings.signals request_id=adefca34d25f41d1a4b54fcf876a36fa booking_delete_signal booking_id=37 visitor_name=devesh
INFO 2026-10-06 13:09:40,905 backend.requests request_id=7e7c768d7c584b8ca54477f7dfcbc8dd request_finished
INFO 2026-10-06 13:09:40,906 django.server request_id=- "GET /api/bookings/?page=1&status=active HTTP/1.1" 200 5401
INFO 2026-10-06 13:09:41,386 backend.requests request_id=1bc9934c175d47af9be07204660af416 request_finished
INFO 2026-10-06 13:09:41,397 django.server request_id=- "GET /api/workflow-notification-counts/ HTTP/1.1" 200 4893
INFO 2026-10-06 13:09:41,644 backend.requests request_id=ac242e72f1334672b85f7ded1e32bea9 request_finished
INFO 2026-10-06 13:09:41,656 django.server request_id=- "GET /api/bookings/?page=2&status=active HTTP/1.1" 200 1163
ERROR 2026-10-06 13:09:42,383 bookings.services.google_sheet_sync request_id=adefca34d25f41d1a4b54fcf876a36fa Failed to queue Google Sheet calendar sync task
Traceback (most recent call last):
  File "C:\Users\LENOVO\RoomBooking_backend\venv\Lib\site-packages\kombu\utils\functional.py", line 32, in __call__
    return self.__value__
           ^^^^^^^^^^^^^^
AttributeError: 'ChannelPromise' object has no attribute '__value__'. Did you mean: '__call__'?

During handling of the above exception, another exception occurred:

Traceback (most recent call last):
  File "C:\Users\LENOVO\RoomBooking_backend\venv\Lib\site-packages\kombu\transport\virtual\base.py", line 951, in create_channel
    return self._avail_channels.pop()
           ~~~~~~~~~~~~~~~~~~~~~~~~^^
IndexError: pop from empty list

During handling of the above exception, another exception occurred:

Traceback (most recent call last):
  File "C:\Users\LENOVO\RoomBooking_backend\venv\Lib\site-packages\redis\connection.py", line 855, in connect_check_health
    sock = self.retry.call_with_retry(
        lambda: self._connect(), lambda error: self.disconnect(error)
    )
  File "C:\Users\LENOVO\RoomBooking_backend\venv\Lib\site-packages\redis\retry.py", line 116, in call_with_retry
    return do()
  File "C:\Users\LENOVO\RoomBooking_backend\venv\Lib\site-packages\redis\connection.py", line 856, in <lambda>
    lambda: self._connect(), lambda error: self.disconnect(error)
            ~~~~~~~~~~~~~^^
  File "C:\Users\LENOVO\RoomBooking_backend\venv\Lib\site-packages\redis\connection.py", line 1306, in _connect
    raise err
  File "C:\Users\LENOVO\RoomBooking_backend\venv\Lib\site-packages\redis\connection.py", line 1290, in _connect
    sock.connect(socket_address)
    ~~~~~~~~~~~~^^^^^^^^^^^^^^^^
ConnectionRefusedError: [WinError 10061] No connection could be made because the target machine actively refused it

During handling of the above exception, another exception occurred:

Traceback (most recent call last):
  File "C:\Users\LENOVO\RoomBooking_backend\venv\Lib\site-packages\kombu\connection.py", line 474, in _reraise_as_library_errors
    yield
  File "C:\Users\LENOVO\RoomBooking_backend\venv\Lib\site-packages\kombu\connection.py", line 461, in _ensure_connection
    return retry_over_time(
        self._connection_factory, self.recoverable_connection_errors,
    ...<2 lines>...
        callback, timeout=timeout
    )
  File "C:\Users\LENOVO\RoomBooking_backend\venv\Lib\site-packages\kombu\utils\functional.py", line 318, in retry_over_time
    return fun(*args, **kwargs)
  File "C:\Users\LENOVO\RoomBooking_backend\venv\Lib\site-packages\kombu\connection.py", line 941, in _connection_factory
    self._connection = self._establish_connection()
                       ~~~~~~~~~~~~~~~~~~~~~~~~~~^^
  File "C:\Users\LENOVO\RoomBooking_backend\venv\Lib\site-packages\kombu\connection.py", line 863, in _establish_connection
    conn = self.transport.establish_connection()
  File "C:\Users\LENOVO\RoomBooking_backend\venv\Lib\site-packages\kombu\transport\virtual\base.py", line 975, in establish_connection
    self._avail_channels.append(self.create_channel(self))
                                ~~~~~~~~~~~~~~~~~~~^^^^^^
  File "C:\Users\LENOVO\RoomBooking_backend\venv\Lib\site-packages\kombu\transport\virtual\base.py", line 953, in create_channel
    channel = self.Channel(connection)
  File "C:\Users\LENOVO\RoomBooking_backend\venv\Lib\site-packages\kombu\transport\redis.py", line 757, in __init__
    self.client.ping()
    ~~~~~~~~~~~~~~~~^^
  File "C:\Users\LENOVO\RoomBooking_backend\venv\Lib\site-packages\redis\commands\core.py", line 1226, in ping
    return self.execute_command("PING", **kwargs)
           ~~~~~~~~~~~~~~~~~~~~^^^^^^^^^^^^^^^^^^
  File "C:\Users\LENOVO\RoomBooking_backend\venv\Lib\site-packages\redis\client.py", line 657, in execute_command
    return self._execute_command(*args, **options)
           ~~~~~~~~~~~~~~~~~~~~~^^^^^^^^^^^^^^^^^^
  File "C:\Users\LENOVO\RoomBooking_backend\venv\Lib\site-packages\redis\client.py", line 663, in _execute_command
    conn = self.connection or pool.get_connection()
                              ~~~~~~~~~~~~~~~~~~~^^
  File "C:\Users\LENOVO\RoomBooking_backend\venv\Lib\site-packages\redis\utils.py", line 196, in wrapper
    return func(*args, **kwargs)
  File "C:\Users\LENOVO\RoomBooking_backend\venv\Lib\site-packages\redis\connection.py", line 2603, in get_connection
    connection.connect()
    ~~~~~~~~~~~~~~~~~~^^
  File "C:\Users\LENOVO\RoomBooking_backend\venv\Lib\site-packages\redis\connection.py", line 846, in connect
    self.connect_check_health(check_health=True)
    ~~~~~~~~~~~~~~~~~~~~~~~~~^^^^^^^^^^^^^^^^^^^
  File "C:\Users\LENOVO\RoomBooking_backend\venv\Lib\site-packages\redis\connection.py", line 863, in connect_check_health
    raise ConnectionError(self._error_message(e))
redis.exceptions.ConnectionError: Error 10061 connecting to 127.0.0.1:6379. No connection could be made because the target machine actively refused it.

The above exception was the direct cause of the following exception:

Traceback (most recent call last):
  File "C:\Users\LENOVO\RoomBooking_backend\bookings\services\google_sheet_sync.py", line 496, in request_calendar_sync
    sync_google_sheet_calendar.delay()
    ~~~~~~~~~~~~~~~~~~~~~~~~~~~~~~~~^^
  File "C:\Users\LENOVO\RoomBooking_backend\venv\Lib\site-packages\celery\app\task.py", line 444, in delay
    return self.apply_async(args, kwargs)
           ~~~~~~~~~~~~~~~~^^^^^^^^^^^^^^
  File "C:\Users\LENOVO\RoomBooking_backend\venv\Lib\site-packages\celery\app\task.py", line 608, in apply_async
    return app.send_task(
           ~~~~~~~~~~~~~^
        self.name, args, kwargs, task_id=task_id, producer=producer,
        ^^^^^^^^^^^^^^^^^^^^^^^^^^^^^^^^^^^^^^^^^^^^^^^^^^^^^^^^^^^^
    ...<2 lines>...
        **options
        ^^^^^^^^^
    )
    ^
  File "C:\Users\LENOVO\RoomBooking_backend\venv\Lib\site-packages\celery\app\base.py", line 947, in send_task
    amqp.send_task_message(P, name, message, **options)
    ~~~~~~~~~~~~~~~~~~~~~~^^^^^^^^^^^^^^^^^^^^^^^^^^^^^
  File "C:\Users\LENOVO\RoomBooking_backend\venv\Lib\site-packages\celery\app\amqp.py", line 559, in send_task_message
    ret = producer.publish(
        body,
    ...<8 lines>...
        **properties
    )
  File "C:\Users\LENOVO\RoomBooking_backend\venv\Lib\site-packages\kombu\messaging.py", line 190, in publish
    return _publish(
        body, priority, content_type, content_encoding,
        headers, properties, routing_key, mandatory, immediate,
        exchange_name, declare, timeout, confirm_timeout, retry, retry_policy
    )
  File "C:\Users\LENOVO\RoomBooking_backend\venv\Lib\site-packages\kombu\connection.py", line 558, in _ensured
    return fun(*args, **kwargs)
  File "C:\Users\LENOVO\RoomBooking_backend\venv\Lib\site-packages\kombu\messaging.py", line 200, in _publish
    channel = self.channel
              ^^^^^^^^^^^^
  File "C:\Users\LENOVO\RoomBooking_backend\venv\Lib\site-packages\kombu\messaging.py", line 224, in _get_channel
    channel = self._channel = channel()
                              ~~~~~~~^^
  File "C:\Users\LENOVO\RoomBooking_backend\venv\Lib\site-packages\kombu\utils\functional.py", line 34, in __call__
    value = self.__value__ = self.__contract__()
                             ~~~~~~~~~~~~~~~~~^^
  File "C:\Users\LENOVO\RoomBooking_backend\venv\Lib\site-packages\kombu\messaging.py", line 240, in <lambda>
    channel = ChannelPromise(lambda: connection.default_channel)
                                     ^^^^^^^^^^^^^^^^^^^^^^^^^^
  File "C:\Users\LENOVO\RoomBooking_backend\venv\Lib\site-packages\kombu\connection.py", line 960, in default_channel
    self._ensure_connection(**conn_opts)
    ~~~~~~~~~~~~~~~~~~~~~~~^^^^^^^^^^^^^
  File "C:\Users\LENOVO\RoomBooking_backend\venv\Lib\site-packages\kombu\connection.py", line 460, in _ensure_connection
    with ctx():
         ~~~^^
  File "C:\Users\LENOVO\AppData\Local\Programs\Python\Python313\Lib\contextlib.py", line 162, in __exit__
    self.gen.throw(value)
    ~~~~~~~~~~~~~~^^^^^^^
  File "C:\Users\LENOVO\RoomBooking_backend\venv\Lib\site-packages\kombu\connection.py", line 478, in _reraise_as_library_errors
    raise ConnectionError(str(exc)) from exc
kombu.exceptions.OperationalError: Error 10061 connecting to 127.0.0.1:6379. No connection could be made because the target machine actively refused it.
INFO 2026-10-06 13:09:42,389 backend.requests request_id=adefca34d25f41d1a4b54fcf876a36fa request_finished
INFO 2026-10-06 13:09:42,389 django.server request_id=- "DELETE /api/bookings/37/delete/ HTTP/1.1" 200 82
INFO 2026-10-06 13:09:42,439 bookings.views request_id=0d70d0c361124e3786c45f7c9c602ca3 booking_deleted
INFO 2026-10-06 13:09:42,453 bookings.signals request_id=0d70d0c361124e3786c45f7c9c602ca3 booking_delete_signal booking_id=38 visitor_name=komal
ERROR 2026-10-06 13:09:46,550 bookings.services.google_sheet_sync request_id=0d70d0c361124e3786c45f7c9c602ca3 Failed to queue Google Sheet calendar sync task
Traceback (most recent call last):
  File "C:\Users\LENOVO\RoomBooking_backend\venv\Lib\site-packages\kombu\utils\functional.py", line 32, in __call__
    return self.__value__
           ^^^^^^^^^^^^^^
AttributeError: 'ChannelPromise' object has no attribute '__value__'. Did you mean: '__call__'?

During handling of the above exception, another exception occurred:

Traceback (most recent call last):
  File "C:\Users\LENOVO\RoomBooking_backend\venv\Lib\site-packages\kombu\transport\virtual\base.py", line 951, in create_channel
    return self._avail_channels.pop()
           ~~~~~~~~~~~~~~~~~~~~~~~~^^
IndexError: pop from empty list

During handling of the above exception, another exception occurred:

Traceback (most recent call last):
  File "C:\Users\LENOVO\RoomBooking_backend\venv\Lib\site-packages\redis\connection.py", line 855, in connect_check_health
    sock = self.retry.call_with_retry(
        lambda: self._connect(), lambda error: self.disconnect(error)
    )
  File "C:\Users\LENOVO\RoomBooking_backend\venv\Lib\site-packages\redis\retry.py", line 116, in call_with_retry
    return do()
  File "C:\Users\LENOVO\RoomBooking_backend\venv\Lib\site-packages\redis\connection.py", line 856, in <lambda>
    lambda: self._connect(), lambda error: self.disconnect(error)
            ~~~~~~~~~~~~~^^
  File "C:\Users\LENOVO\RoomBooking_backend\venv\Lib\site-packages\redis\connection.py", line 1306, in _connect
    raise err
  File "C:\Users\LENOVO\RoomBooking_backend\venv\Lib\site-packages\redis\connection.py", line 1290, in _connect
    sock.connect(socket_address)
    ~~~~~~~~~~~~^^^^^^^^^^^^^^^^
ConnectionRefusedError: [WinError 10061] No connection could be made because the target machine actively refused it

During handling of the above exception, another exception occurred:

Traceback (most recent call last):
  File "C:\Users\LENOVO\RoomBooking_backend\venv\Lib\site-packages\kombu\connection.py", line 474, in _reraise_as_library_errors
    yield
  File "C:\Users\LENOVO\RoomBooking_backend\venv\Lib\site-packages\kombu\connection.py", line 461, in _ensure_connection
    return retry_over_time(
        self._connection_factory, self.recoverable_connection_errors,
    ...<2 lines>...
        callback, timeout=timeout
    )
  File "C:\Users\LENOVO\RoomBooking_backend\venv\Lib\site-packages\kombu\utils\functional.py", line 318, in retry_over_time
    return fun(*args, **kwargs)
  File "C:\Users\LENOVO\RoomBooking_backend\venv\Lib\site-packages\kombu\connection.py", line 941, in _connection_factory
    self._connection = self._establish_connection()
                       ~~~~~~~~~~~~~~~~~~~~~~~~~~^^
  File "C:\Users\LENOVO\RoomBooking_backend\venv\Lib\site-packages\kombu\connection.py", line 863, in _establish_connection
    conn = self.transport.establish_connection()
  File "C:\Users\LENOVO\RoomBooking_backend\venv\Lib\site-packages\kombu\transport\virtual\base.py", line 975, in establish_connection
    self._avail_channels.append(self.create_channel(self))
                                ~~~~~~~~~~~~~~~~~~~^^^^^^
  File "C:\Users\LENOVO\RoomBooking_backend\venv\Lib\site-packages\kombu\transport\virtual\base.py", line 953, in create_channel
    channel = self.Channel(connection)
  File "C:\Users\LENOVO\RoomBooking_backend\venv\Lib\site-packages\kombu\transport\redis.py", line 757, in __init__
    self.client.ping()
    ~~~~~~~~~~~~~~~~^^
  File "C:\Users\LENOVO\RoomBooking_backend\venv\Lib\site-packages\redis\commands\core.py", line 1226, in ping
    return self.execute_command("PING", **kwargs)
           ~~~~~~~~~~~~~~~~~~~~^^^^^^^^^^^^^^^^^^
  File "C:\Users\LENOVO\RoomBooking_backend\venv\Lib\site-packages\redis\client.py", line 657, in execute_command
    return self._execute_command(*args, **options)
           ~~~~~~~~~~~~~~~~~~~~~^^^^^^^^^^^^^^^^^^
  File "C:\Users\LENOVO\RoomBooking_backend\venv\Lib\site-packages\redis\client.py", line 663, in _execute_command
    conn = self.connection or pool.get_connection()
                              ~~~~~~~~~~~~~~~~~~~^^
  File "C:\Users\LENOVO\RoomBooking_backend\venv\Lib\site-packages\redis\utils.py", line 196, in wrapper
    return func(*args, **kwargs)
  File "C:\Users\LENOVO\RoomBooking_backend\venv\Lib\site-packages\redis\connection.py", line 2603, in get_connection
    connection.connect()
    ~~~~~~~~~~~~~~~~~~^^
  File "C:\Users\LENOVO\RoomBooking_backend\venv\Lib\site-packages\redis\connection.py", line 846, in connect
    self.connect_check_health(check_health=True)
    ~~~~~~~~~~~~~~~~~~~~~~~~~^^^^^^^^^^^^^^^^^^^
  File "C:\Users\LENOVO\RoomBooking_backend\venv\Lib\site-packages\redis\connection.py", line 863, in connect_check_health
    raise ConnectionError(self._error_message(e))
redis.exceptions.ConnectionError: Error 10061 connecting to 127.0.0.1:6379. No connection could be made because the target machine actively refused it.

The above exception was the direct cause of the following exception:

Traceback (most recent call last):
  File "C:\Users\LENOVO\RoomBooking_backend\bookings\services\google_sheet_sync.py", line 496, in request_calendar_sync
    sync_google_sheet_calendar.delay()
    ~~~~~~~~~~~~~~~~~~~~~~~~~~~~~~~~^^
  File "C:\Users\LENOVO\RoomBooking_backend\venv\Lib\site-packages\celery\app\task.py", line 444, in delay
    return self.apply_async(args, kwargs)
           ~~~~~~~~~~~~~~~~^^^^^^^^^^^^^^
  File "C:\Users\LENOVO\RoomBooking_backend\venv\Lib\site-packages\celery\app\task.py", line 608, in apply_async
    return app.send_task(
           ~~~~~~~~~~~~~^
        self.name, args, kwargs, task_id=task_id, producer=producer,
        ^^^^^^^^^^^^^^^^^^^^^^^^^^^^^^^^^^^^^^^^^^^^^^^^^^^^^^^^^^^^
    ...<2 lines>...
        **options
        ^^^^^^^^^
    )
    ^
  File "C:\Users\LENOVO\RoomBooking_backend\venv\Lib\site-packages\celery\app\base.py", line 947, in send_task
    amqp.send_task_message(P, name, message, **options)
    ~~~~~~~~~~~~~~~~~~~~~~^^^^^^^^^^^^^^^^^^^^^^^^^^^^^
  File "C:\Users\LENOVO\RoomBooking_backend\venv\Lib\site-packages\celery\app\amqp.py", line 559, in send_task_message
    ret = producer.publish(
        body,
    ...<8 lines>...
        **properties
    )
  File "C:\Users\LENOVO\RoomBooking_backend\venv\Lib\site-packages\kombu\messaging.py", line 190, in publish
    return _publish(
        body, priority, content_type, content_encoding,
        headers, properties, routing_key, mandatory, immediate,
        exchange_name, declare, timeout, confirm_timeout, retry, retry_policy
    )
  File "C:\Users\LENOVO\RoomBooking_backend\venv\Lib\site-packages\kombu\connection.py", line 558, in _ensured
    return fun(*args, **kwargs)
  File "C:\Users\LENOVO\RoomBooking_backend\venv\Lib\site-packages\kombu\messaging.py", line 200, in _publish
    channel = self.channel
              ^^^^^^^^^^^^
  File "C:\Users\LENOVO\RoomBooking_backend\venv\Lib\site-packages\kombu\messaging.py", line 224, in _get_channel
    channel = self._channel = channel()
                              ~~~~~~~^^
  File "C:\Users\LENOVO\RoomBooking_backend\venv\Lib\site-packages\kombu\utils\functional.py", line 34, in __call__
    value = self.__value__ = self.__contract__()
                             ~~~~~~~~~~~~~~~~~^^
  File "C:\Users\LENOVO\RoomBooking_backend\venv\Lib\site-packages\kombu\messaging.py", line 240, in <lambda>
    channel = ChannelPromise(lambda: connection.default_channel)
                                     ^^^^^^^^^^^^^^^^^^^^^^^^^^
  File "C:\Users\LENOVO\RoomBooking_backend\venv\Lib\site-packages\kombu\connection.py", line 960, in default_channel
    self._ensure_connection(**conn_opts)
    ~~~~~~~~~~~~~~~~~~~~~~~^^^^^^^^^^^^^
  File "C:\Users\LENOVO\RoomBooking_backend\venv\Lib\site-packages\kombu\connection.py", line 460, in _ensure_connection
    with ctx():
         ~~~^^
  File "C:\Users\LENOVO\AppData\Local\Programs\Python\Python313\Lib\contextlib.py", line 162, in __exit__
    self.gen.throw(value)
    ~~~~~~~~~~~~~~^^^^^^^
  File "C:\Users\LENOVO\RoomBooking_backend\venv\Lib\site-packages\kombu\connection.py", line 478, in _reraise_as_library_errors
    raise ConnectionError(str(exc)) from exc
kombu.exceptions.OperationalError: Error 10061 connecting to 127.0.0.1:6379. No connection could be made because the target machine actively refused it.
INFO 2026-10-06 13:09:46,556 backend.requests request_id=0d70d0c361124e3786c45f7c9c602ca3 request_finished
INFO 2026-10-06 13:09:46,556 django.server request_id=- "DELETE /api/bookings/38/delete/ HTTP/1.1" 200 82
INFO 2026-10-06 13:09:46,633 bookings.views request_id=c9631e5692474d53811cd5f188fd1e22 booking_deleted
INFO 2026-10-06 13:09:46,648 bookings.signals request_id=c9631e5692474d53811cd5f188fd1e22 booking_delete_signal booking_id=39 visitor_name=modi
INFO 2026-10-06 13:09:49,126 backend.requests request_id=fe28b0f65ff344168db15a3b3c20fc61 request_finished
INFO 2026-10-06 13:09:49,127 django.server request_id=- "GET /api/bookings/?page=1&status=active HTTP/1.1" 200 4320
ERROR 2026-10-06 13:09:50,729 bookings.services.google_sheet_sync request_id=c9631e5692474d53811cd5f188fd1e22 Failed to queue Google Sheet calendar sync task
Traceback (most recent call last):
  File "C:\Users\LENOVO\RoomBooking_backend\venv\Lib\site-packages\kombu\utils\functional.py", line 32, in __call__
    return self.__value__
           ^^^^^^^^^^^^^^
AttributeError: 'ChannelPromise' object has no attribute '__value__'. Did you mean: '__call__'?

During handling of the above exception, another exception occurred:

Traceback (most recent call last):
  File "C:\Users\LENOVO\RoomBooking_backend\venv\Lib\site-packages\kombu\transport\virtual\base.py", line 951, in create_channel
    return self._avail_channels.pop()
           ~~~~~~~~~~~~~~~~~~~~~~~~^^
IndexError: pop from empty list

During handling of the above exception, another exception occurred:

Traceback (most recent call last):
  File "C:\Users\LENOVO\RoomBooking_backend\venv\Lib\site-packages\redis\connection.py", line 855, in connect_check_health
    sock = self.retry.call_with_retry(
        lambda: self._connect(), lambda error: self.disconnect(error)
    )
  File "C:\Users\LENOVO\RoomBooking_backend\venv\Lib\site-packages\redis\retry.py", line 116, in call_with_retry
    return do()
  File "C:\Users\LENOVO\RoomBooking_backend\venv\Lib\site-packages\redis\connection.py", line 856, in <lambda>
    lambda: self._connect(), lambda error: self.disconnect(error)
            ~~~~~~~~~~~~~^^
  File "C:\Users\LENOVO\RoomBooking_backend\venv\Lib\site-packages\redis\connection.py", line 1306, in _connect
    raise err
  File "C:\Users\LENOVO\RoomBooking_backend\venv\Lib\site-packages\redis\connection.py", line 1290, in _connect
    sock.connect(socket_address)
    ~~~~~~~~~~~~^^^^^^^^^^^^^^^^
ConnectionRefusedError: [WinError 10061] No connection could be made because the target machine actively refused it

During handling of the above exception, another exception occurred:

Traceback (most recent call last):
  File "C:\Users\LENOVO\RoomBooking_backend\venv\Lib\site-packages\kombu\connection.py", line 474, in _reraise_as_library_errors
    yield
  File "C:\Users\LENOVO\RoomBooking_backend\venv\Lib\site-packages\kombu\connection.py", line 461, in _ensure_connection
    return retry_over_time(
        self._connection_factory, self.recoverable_connection_errors,
    ...<2 lines>...
        callback, timeout=timeout
    )
  File "C:\Users\LENOVO\RoomBooking_backend\venv\Lib\site-packages\kombu\utils\functional.py", line 318, in retry_over_time
    return fun(*args, **kwargs)
  File "C:\Users\LENOVO\RoomBooking_backend\venv\Lib\site-packages\kombu\connection.py", line 941, in _connection_factory
    self._connection = self._establish_connection()
                       ~~~~~~~~~~~~~~~~~~~~~~~~~~^^
  File "C:\Users\LENOVO\RoomBooking_backend\venv\Lib\site-packages\kombu\connection.py", line 863, in _establish_connection
    conn = self.transport.establish_connection()
  File "C:\Users\LENOVO\RoomBooking_backend\venv\Lib\site-packages\kombu\transport\virtual\base.py", line 975, in establish_connection
    self._avail_channels.append(self.create_channel(self))
                                ~~~~~~~~~~~~~~~~~~~^^^^^^
  File "C:\Users\LENOVO\RoomBooking_backend\venv\Lib\site-packages\kombu\transport\virtual\base.py", line 953, in create_channel
    channel = self.Channel(connection)
  File "C:\Users\LENOVO\RoomBooking_backend\venv\Lib\site-packages\kombu\transport\redis.py", line 757, in __init__
    self.client.ping()
    ~~~~~~~~~~~~~~~~^^
  File "C:\Users\LENOVO\RoomBooking_backend\venv\Lib\site-packages\redis\commands\core.py", line 1226, in ping
    return self.execute_command("PING", **kwargs)
           ~~~~~~~~~~~~~~~~~~~~^^^^^^^^^^^^^^^^^^
  File "C:\Users\LENOVO\RoomBooking_backend\venv\Lib\site-packages\redis\client.py", line 657, in execute_command
    return self._execute_command(*args, **options)
           ~~~~~~~~~~~~~~~~~~~~~^^^^^^^^^^^^^^^^^^
  File "C:\Users\LENOVO\RoomBooking_backend\venv\Lib\site-packages\redis\client.py", line 663, in _execute_command
    conn = self.connection or pool.get_connection()
                              ~~~~~~~~~~~~~~~~~~~^^
  File "C:\Users\LENOVO\RoomBooking_backend\venv\Lib\site-packages\redis\utils.py", line 196, in wrapper
    return func(*args, **kwargs)
  File "C:\Users\LENOVO\RoomBooking_backend\venv\Lib\site-packages\redis\connection.py", line 2603, in get_connection
    connection.connect()
    ~~~~~~~~~~~~~~~~~~^^
  File "C:\Users\LENOVO\RoomBooking_backend\venv\Lib\site-packages\redis\connection.py", line 846, in connect
    self.connect_check_health(check_health=True)
    ~~~~~~~~~~~~~~~~~~~~~~~~~^^^^^^^^^^^^^^^^^^^
  File "C:\Users\LENOVO\RoomBooking_backend\venv\Lib\site-packages\redis\connection.py", line 863, in connect_check_health
    raise ConnectionError(self._error_message(e))
redis.exceptions.ConnectionError: Error 10061 connecting to 127.0.0.1:6379. No connection could be made because the target machine actively refused it.

The above exception was the direct cause of the following exception:

Traceback (most recent call last):
  File "C:\Users\LENOVO\RoomBooking_backend\bookings\services\google_sheet_sync.py", line 496, in request_calendar_sync
    sync_google_sheet_calendar.delay()
    ~~~~~~~~~~~~~~~~~~~~~~~~~~~~~~~~^^
  File "C:\Users\LENOVO\RoomBooking_backend\venv\Lib\site-packages\celery\app\task.py", line 444, in delay
    return self.apply_async(args, kwargs)
           ~~~~~~~~~~~~~~~~^^^^^^^^^^^^^^
  File "C:\Users\LENOVO\RoomBooking_backend\venv\Lib\site-packages\celery\app\task.py", line 608, in apply_async
    return app.send_task(
           ~~~~~~~~~~~~~^
        self.name, args, kwargs, task_id=task_id, producer=producer,
        ^^^^^^^^^^^^^^^^^^^^^^^^^^^^^^^^^^^^^^^^^^^^^^^^^^^^^^^^^^^^
    ...<2 lines>...
        **options
        ^^^^^^^^^
    )
    ^
  File "C:\Users\LENOVO\RoomBooking_backend\venv\Lib\site-packages\celery\app\base.py", line 947, in send_task
    amqp.send_task_message(P, name, message, **options)
    ~~~~~~~~~~~~~~~~~~~~~~^^^^^^^^^^^^^^^^^^^^^^^^^^^^^
  File "C:\Users\LENOVO\RoomBooking_backend\venv\Lib\site-packages\celery\app\amqp.py", line 559, in send_task_message
    ret = producer.publish(
        body,
    ...<8 lines>...
        **properties
    )
  File "C:\Users\LENOVO\RoomBooking_backend\venv\Lib\site-packages\kombu\messaging.py", line 190, in publish
    return _publish(
        body, priority, content_type, content_encoding,
        headers, properties, routing_key, mandatory, immediate,
        exchange_name, declare, timeout, confirm_timeout, retry, retry_policy
    )
  File "C:\Users\LENOVO\RoomBooking_backend\venv\Lib\site-packages\kombu\connection.py", line 558, in _ensured
    return fun(*args, **kwargs)
  File "C:\Users\LENOVO\RoomBooking_backend\venv\Lib\site-packages\kombu\messaging.py", line 200, in _publish
    channel = self.channel
              ^^^^^^^^^^^^
  File "C:\Users\LENOVO\RoomBooking_backend\venv\Lib\site-packages\kombu\messaging.py", line 224, in _get_channel
    channel = self._channel = channel()
                              ~~~~~~~^^
  File "C:\Users\LENOVO\RoomBooking_backend\venv\Lib\site-packages\kombu\utils\functional.py", line 34, in __call__
    value = self.__value__ = self.__contract__()
                             ~~~~~~~~~~~~~~~~~^^
  File "C:\Users\LENOVO\RoomBooking_backend\venv\Lib\site-packages\kombu\messaging.py", line 240, in <lambda>
    channel = ChannelPromise(lambda: connection.default_channel)
                                     ^^^^^^^^^^^^^^^^^^^^^^^^^^
  File "C:\Users\LENOVO\RoomBooking_backend\venv\Lib\site-packages\kombu\connection.py", line 960, in default_channel
    self._ensure_connection(**conn_opts)
    ~~~~~~~~~~~~~~~~~~~~~~~^^^^^^^^^^^^^
  File "C:\Users\LENOVO\RoomBooking_backend\venv\Lib\site-packages\kombu\connection.py", line 460, in _ensure_connection
    with ctx():
         ~~~^^
  File "C:\Users\LENOVO\AppData\Local\Programs\Python\Python313\Lib\contextlib.py", line 162, in __exit__
    self.gen.throw(value)
    ~~~~~~~~~~~~~~^^^^^^^
  File "C:\Users\LENOVO\RoomBooking_backend\venv\Lib\site-packages\kombu\connection.py", line 478, in _reraise_as_library_errors
    raise ConnectionError(str(exc)) from exc
kombu.exceptions.OperationalError: Error 10061 connecting to 127.0.0.1:6379. No connection could be made because the target machine actively refused it.
INFO 2026-10-06 13:09:50,734 backend.requests request_id=c9631e5692474d53811cd5f188fd1e22 request_finished
INFO 2026-10-06 13:09:50,735 django.server request_id=- "DELETE /api/bookings/39/delete/ HTTP/1.1" 200 82
INFO 2026-10-06 13:09:50,865 bookings.views request_id=8b7a1dc09d4648439ee282e99bf204a9 booking_deleted
INFO 2026-10-06 13:09:50,880 bookings.signals request_id=8b7a1dc09d4648439ee282e99bf204a9 booking_delete_signal booking_id=40 visitor_name=Diag Visitor
ERROR 2026-10-06 13:09:54,957 bookings.services.google_sheet_sync request_id=8b7a1dc09d4648439ee282e99bf204a9 Failed to queue Google Sheet calendar sync task
Traceback (most recent call last):
  File "C:\Users\LENOVO\RoomBooking_backend\venv\Lib\site-packages\kombu\utils\functional.py", line 32, in __call__
    return self.__value__
           ^^^^^^^^^^^^^^
AttributeError: 'ChannelPromise' object has no attribute '__value__'. Did you mean: '__call__'?

During handling of the above exception, another exception occurred:

Traceback (most recent call last):
  File "C:\Users\LENOVO\RoomBooking_backend\venv\Lib\site-packages\kombu\transport\virtual\base.py", line 951, in create_channel
    return self._avail_channels.pop()
           ~~~~~~~~~~~~~~~~~~~~~~~~^^
IndexError: pop from empty list

During handling of the above exception, another exception occurred:

Traceback (most recent call last):
  File "C:\Users\LENOVO\RoomBooking_backend\venv\Lib\site-packages\redis\connection.py", line 855, in connect_check_health
    sock = self.retry.call_with_retry(
        lambda: self._connect(), lambda error: self.disconnect(error)
    )
  File "C:\Users\LENOVO\RoomBooking_backend\venv\Lib\site-packages\redis\retry.py", line 116, in call_with_retry
    return do()
  File "C:\Users\LENOVO\RoomBooking_backend\venv\Lib\site-packages\redis\connection.py", line 856, in <lambda>
    lambda: self._connect(), lambda error: self.disconnect(error)
            ~~~~~~~~~~~~~^^
  File "C:\Users\LENOVO\RoomBooking_backend\venv\Lib\site-packages\redis\connection.py", line 1306, in _connect
    raise err
  File "C:\Users\LENOVO\RoomBooking_backend\venv\Lib\site-packages\redis\connection.py", line 1290, in _connect
    sock.connect(socket_address)
    ~~~~~~~~~~~~^^^^^^^^^^^^^^^^
ConnectionRefusedError: [WinError 10061] No connection could be made because the target machine actively refused it

During handling of the above exception, another exception occurred:

Traceback (most recent call last):
  File "C:\Users\LENOVO\RoomBooking_backend\venv\Lib\site-packages\kombu\connection.py", line 474, in _reraise_as_library_errors
    yield
  File "C:\Users\LENOVO\RoomBooking_backend\venv\Lib\site-packages\kombu\connection.py", line 461, in _ensure_connection
    return retry_over_time(
        self._connection_factory, self.recoverable_connection_errors,
    ...<2 lines>...
        callback, timeout=timeout
    )
  File "C:\Users\LENOVO\RoomBooking_backend\venv\Lib\site-packages\kombu\utils\functional.py", line 318, in retry_over_time
    return fun(*args, **kwargs)
  File "C:\Users\LENOVO\RoomBooking_backend\venv\Lib\site-packages\kombu\connection.py", line 941, in _connection_factory
    self._connection = self._establish_connection()
                       ~~~~~~~~~~~~~~~~~~~~~~~~~~^^
  File "C:\Users\LENOVO\RoomBooking_backend\venv\Lib\site-packages\kombu\connection.py", line 863, in _establish_connection
    conn = self.transport.establish_connection()
  File "C:\Users\LENOVO\RoomBooking_backend\venv\Lib\site-packages\kombu\transport\virtual\base.py", line 975, in establish_connection
    self._avail_channels.append(self.create_channel(self))
                                ~~~~~~~~~~~~~~~~~~~^^^^^^
  File "C:\Users\LENOVO\RoomBooking_backend\venv\Lib\site-packages\kombu\transport\virtual\base.py", line 953, in create_channel
    channel = self.Channel(connection)
  File "C:\Users\LENOVO\RoomBooking_backend\venv\Lib\site-packages\kombu\transport\redis.py", line 757, in __init__
    self.client.ping()
    ~~~~~~~~~~~~~~~~^^
  File "C:\Users\LENOVO\RoomBooking_backend\venv\Lib\site-packages\redis\commands\core.py", line 1226, in ping
    return self.execute_command("PING", **kwargs)
           ~~~~~~~~~~~~~~~~~~~~^^^^^^^^^^^^^^^^^^
  File "C:\Users\LENOVO\RoomBooking_backend\venv\Lib\site-packages\redis\client.py", line 657, in execute_command
    return self._execute_command(*args, **options)
           ~~~~~~~~~~~~~~~~~~~~~^^^^^^^^^^^^^^^^^^
  File "C:\Users\LENOVO\RoomBooking_backend\venv\Lib\site-packages\redis\client.py", line 663, in _execute_command
    conn = self.connection or pool.get_connection()
                              ~~~~~~~~~~~~~~~~~~~^^
  File "C:\Users\LENOVO\RoomBooking_backend\venv\Lib\site-packages\redis\utils.py", line 196, in wrapper
    return func(*args, **kwargs)
  File "C:\Users\LENOVO\RoomBooking_backend\venv\Lib\site-packages\redis\connection.py", line 2603, in get_connection
    connection.connect()
    ~~~~~~~~~~~~~~~~~~^^
  File "C:\Users\LENOVO\RoomBooking_backend\venv\Lib\site-packages\redis\connection.py", line 846, in connect
    self.connect_check_health(check_health=True)
    ~~~~~~~~~~~~~~~~~~~~~~~~~^^^^^^^^^^^^^^^^^^^
  File "C:\Users\LENOVO\RoomBooking_backend\venv\Lib\site-packages\redis\connection.py", line 863, in connect_check_health
    raise ConnectionError(self._error_message(e))
redis.exceptions.ConnectionError: Error 10061 connecting to 127.0.0.1:6379. No connection could be made because the target machine actively refused it.

The above exception was the direct cause of the following exception:

Traceback (most recent call last):
  File "C:\Users\LENOVO\RoomBooking_backend\bookings\services\google_sheet_sync.py", line 496, in request_calendar_sync
    sync_google_sheet_calendar.delay()
    ~~~~~~~~~~~~~~~~~~~~~~~~~~~~~~~~^^
  File "C:\Users\LENOVO\RoomBooking_backend\venv\Lib\site-packages\celery\app\task.py", line 444, in delay
    return self.apply_async(args, kwargs)
           ~~~~~~~~~~~~~~~~^^^^^^^^^^^^^^
  File "C:\Users\LENOVO\RoomBooking_backend\venv\Lib\site-packages\celery\app\task.py", line 608, in apply_async
    return app.send_task(
           ~~~~~~~~~~~~~^
        self.name, args, kwargs, task_id=task_id, producer=producer,
        ^^^^^^^^^^^^^^^^^^^^^^^^^^^^^^^^^^^^^^^^^^^^^^^^^^^^^^^^^^^^
    ...<2 lines>...
        **options
        ^^^^^^^^^
    )
    ^
  File "C:\Users\LENOVO\RoomBooking_backend\venv\Lib\site-packages\celery\app\base.py", line 947, in send_task
    amqp.send_task_message(P, name, message, **options)
    ~~~~~~~~~~~~~~~~~~~~~~^^^^^^^^^^^^^^^^^^^^^^^^^^^^^
  File "C:\Users\LENOVO\RoomBooking_backend\venv\Lib\site-packages\celery\app\amqp.py", line 559, in send_task_message
    ret = producer.publish(
        body,
    ...<8 lines>...
        **properties
    )
  File "C:\Users\LENOVO\RoomBooking_backend\venv\Lib\site-packages\kombu\messaging.py", line 190, in publish
    return _publish(
        body, priority, content_type, content_encoding,
        headers, properties, routing_key, mandatory, immediate,
        exchange_name, declare, timeout, confirm_timeout, retry, retry_policy
    )
  File "C:\Users\LENOVO\RoomBooking_backend\venv\Lib\site-packages\kombu\connection.py", line 558, in _ensured
    return fun(*args, **kwargs)
  File "C:\Users\LENOVO\RoomBooking_backend\venv\Lib\site-packages\kombu\messaging.py", line 200, in _publish
    channel = self.channel
              ^^^^^^^^^^^^
  File "C:\Users\LENOVO\RoomBooking_backend\venv\Lib\site-packages\kombu\messaging.py", line 224, in _get_channel
    channel = self._channel = channel()
                              ~~~~~~~^^
  File "C:\Users\LENOVO\RoomBooking_backend\venv\Lib\site-packages\kombu\utils\functional.py", line 34, in __call__
    value = self.__value__ = self.__contract__()
                             ~~~~~~~~~~~~~~~~~^^
  File "C:\Users\LENOVO\RoomBooking_backend\venv\Lib\site-packages\kombu\messaging.py", line 240, in <lambda>
    channel = ChannelPromise(lambda: connection.default_channel)
                                     ^^^^^^^^^^^^^^^^^^^^^^^^^^
  File "C:\Users\LENOVO\RoomBooking_backend\venv\Lib\site-packages\kombu\connection.py", line 960, in default_channel
    self._ensure_connection(**conn_opts)
    ~~~~~~~~~~~~~~~~~~~~~~~^^^^^^^^^^^^^
  File "C:\Users\LENOVO\RoomBooking_backend\venv\Lib\site-packages\kombu\connection.py", line 460, in _ensure_connection
    with ctx():
         ~~~^^
  File "C:\Users\LENOVO\AppData\Local\Programs\Python\Python313\Lib\contextlib.py", line 162, in __exit__
    self.gen.throw(value)
    ~~~~~~~~~~~~~~^^^^^^^
  File "C:\Users\LENOVO\RoomBooking_backend\venv\Lib\site-packages\kombu\connection.py", line 478, in _reraise_as_library_errors
    raise ConnectionError(str(exc)) from exc
kombu.exceptions.OperationalError: Error 10061 connecting to 127.0.0.1:6379. No connection could be made because the target machine actively refused it.
INFO 2026-10-06 13:09:54,964 backend.requests request_id=8b7a1dc09d4648439ee282e99bf204a9 request_finished
INFO 2026-10-06 13:09:54,965 django.server request_id=- "DELETE /api/bookings/40/delete/ HTTP/1.1" 200 82
INFO 2026-10-06 13:09:54,974 backend.requests request_id=e279ad1a22a448d69dcbfee366ec77b2 request_finished
INFO 2026-10-06 13:09:54,975 django.server request_id=- "GET /api/bookings/?page=1&status=active HTTP/1.1" 200 3322
INFO 2026-10-06 13:09:54,987 bookings.views request_id=886b53c6d58e44cc8d5be7e8a10e02d5 booking_deleted
INFO 2026-10-06 13:09:55,006 bookings.signals request_id=886b53c6d58e44cc8d5be7e8a10e02d5 booking_delete_signal booking_id=41 visitor_name=Workflow Visitor A
ERROR 2026-10-06 13:09:59,101 bookings.services.google_sheet_sync request_id=886b53c6d58e44cc8d5be7e8a10e02d5 Failed to queue Google Sheet calendar sync task
Traceback (most recent call last):
  File "C:\Users\LENOVO\RoomBooking_backend\venv\Lib\site-packages\kombu\utils\functional.py", line 32, in __call__
    return self.__value__
           ^^^^^^^^^^^^^^
AttributeError: 'ChannelPromise' object has no attribute '__value__'. Did you mean: '__call__'?

During handling of the above exception, another exception occurred:

Traceback (most recent call last):
  File "C:\Users\LENOVO\RoomBooking_backend\venv\Lib\site-packages\kombu\transport\virtual\base.py", line 951, in create_channel
    return self._avail_channels.pop()
           ~~~~~~~~~~~~~~~~~~~~~~~~^^
IndexError: pop from empty list

During handling of the above exception, another exception occurred:

Traceback (most recent call last):
  File "C:\Users\LENOVO\RoomBooking_backend\venv\Lib\site-packages\redis\connection.py", line 855, in connect_check_health
    sock = self.retry.call_with_retry(
        lambda: self._connect(), lambda error: self.disconnect(error)
    )
  File "C:\Users\LENOVO\RoomBooking_backend\venv\Lib\site-packages\redis\retry.py", line 116, in call_with_retry
    return do()
  File "C:\Users\LENOVO\RoomBooking_backend\venv\Lib\site-packages\redis\connection.py", line 856, in <lambda>
    lambda: self._connect(), lambda error: self.disconnect(error)
            ~~~~~~~~~~~~~^^
  File "C:\Users\LENOVO\RoomBooking_backend\venv\Lib\site-packages\redis\connection.py", line 1306, in _connect
    raise err
  File "C:\Users\LENOVO\RoomBooking_backend\venv\Lib\site-packages\redis\connection.py", line 1290, in _connect
    sock.connect(socket_address)
    ~~~~~~~~~~~~^^^^^^^^^^^^^^^^
ConnectionRefusedError: [WinError 10061] No connection could be made because the target machine actively refused it

During handling of the above exception, another exception occurred:

Traceback (most recent call last):
  File "C:\Users\LENOVO\RoomBooking_backend\venv\Lib\site-packages\kombu\connection.py", line 474, in _reraise_as_library_errors
    yield
  File "C:\Users\LENOVO\RoomBooking_backend\venv\Lib\site-packages\kombu\connection.py", line 461, in _ensure_connection
    return retry_over_time(
        self._connection_factory, self.recoverable_connection_errors,
    ...<2 lines>...
        callback, timeout=timeout
    )
  File "C:\Users\LENOVO\RoomBooking_backend\venv\Lib\site-packages\kombu\utils\functional.py", line 318, in retry_over_time
    return fun(*args, **kwargs)
  File "C:\Users\LENOVO\RoomBooking_backend\venv\Lib\site-packages\kombu\connection.py", line 941, in _connection_factory
    self._connection = self._establish_connection()
                       ~~~~~~~~~~~~~~~~~~~~~~~~~~^^
  File "C:\Users\LENOVO\RoomBooking_backend\venv\Lib\site-packages\kombu\connection.py", line 863, in _establish_connection
    conn = self.transport.establish_connection()
  File "C:\Users\LENOVO\RoomBooking_backend\venv\Lib\site-packages\kombu\transport\virtual\base.py", line 975, in establish_connection
    self._avail_channels.append(self.create_channel(self))
                                ~~~~~~~~~~~~~~~~~~~^^^^^^
  File "C:\Users\LENOVO\RoomBooking_backend\venv\Lib\site-packages\kombu\transport\virtual\base.py", line 953, in create_channel
    channel = self.Channel(connection)
  File "C:\Users\LENOVO\RoomBooking_backend\venv\Lib\site-packages\kombu\transport\redis.py", line 757, in __init__
    self.client.ping()
    ~~~~~~~~~~~~~~~~^^
  File "C:\Users\LENOVO\RoomBooking_backend\venv\Lib\site-packages\redis\commands\core.py", line 1226, in ping
    return self.execute_command("PING", **kwargs)
           ~~~~~~~~~~~~~~~~~~~~^^^^^^^^^^^^^^^^^^
  File "C:\Users\LENOVO\RoomBooking_backend\venv\Lib\site-packages\redis\client.py", line 657, in execute_command
    return self._execute_command(*args, **options)
           ~~~~~~~~~~~~~~~~~~~~~^^^^^^^^^^^^^^^^^^
  File "C:\Users\LENOVO\RoomBooking_backend\venv\Lib\site-packages\redis\client.py", line 663, in _execute_command
    conn = self.connection or pool.get_connection()
                              ~~~~~~~~~~~~~~~~~~~^^
  File "C:\Users\LENOVO\RoomBooking_backend\venv\Lib\site-packages\redis\utils.py", line 196, in wrapper
    return func(*args, **kwargs)
  File "C:\Users\LENOVO\RoomBooking_backend\venv\Lib\site-packages\redis\connection.py", line 2603, in get_connection
    connection.connect()
    ~~~~~~~~~~~~~~~~~~^^
  File "C:\Users\LENOVO\RoomBooking_backend\venv\Lib\site-packages\redis\connection.py", line 846, in connect
    self.connect_check_health(check_health=True)
    ~~~~~~~~~~~~~~~~~~~~~~~~~^^^^^^^^^^^^^^^^^^^
  File "C:\Users\LENOVO\RoomBooking_backend\venv\Lib\site-packages\redis\connection.py", line 863, in connect_check_health
    raise ConnectionError(self._error_message(e))
redis.exceptions.ConnectionError: Error 10061 connecting to 127.0.0.1:6379. No connection could be made because the target machine actively refused it.

The above exception was the direct cause of the following exception:

Traceback (most recent call last):
  File "C:\Users\LENOVO\RoomBooking_backend\bookings\services\google_sheet_sync.py", line 496, in request_calendar_sync
    sync_google_sheet_calendar.delay()
    ~~~~~~~~~~~~~~~~~~~~~~~~~~~~~~~~^^
  File "C:\Users\LENOVO\RoomBooking_backend\venv\Lib\site-packages\celery\app\task.py", line 444, in delay
    return self.apply_async(args, kwargs)
           ~~~~~~~~~~~~~~~~^^^^^^^^^^^^^^
  File "C:\Users\LENOVO\RoomBooking_backend\venv\Lib\site-packages\celery\app\task.py", line 608, in apply_async
    return app.send_task(
           ~~~~~~~~~~~~~^
        self.name, args, kwargs, task_id=task_id, producer=producer,
        ^^^^^^^^^^^^^^^^^^^^^^^^^^^^^^^^^^^^^^^^^^^^^^^^^^^^^^^^^^^^
    ...<2 lines>...
        **options
        ^^^^^^^^^
    )
    ^
  File "C:\Users\LENOVO\RoomBooking_backend\venv\Lib\site-packages\celery\app\base.py", line 947, in send_task
    amqp.send_task_message(P, name, message, **options)
    ~~~~~~~~~~~~~~~~~~~~~~^^^^^^^^^^^^^^^^^^^^^^^^^^^^^
  File "C:\Users\LENOVO\RoomBooking_backend\venv\Lib\site-packages\celery\app\amqp.py", line 559, in send_task_message
    ret = producer.publish(
        body,
    ...<8 lines>...
        **properties
    )
  File "C:\Users\LENOVO\RoomBooking_backend\venv\Lib\site-packages\kombu\messaging.py", line 190, in publish
    return _publish(
        body, priority, content_type, content_encoding,
        headers, properties, routing_key, mandatory, immediate,
        exchange_name, declare, timeout, confirm_timeout, retry, retry_policy
    )
  File "C:\Users\LENOVO\RoomBooking_backend\venv\Lib\site-packages\kombu\connection.py", line 558, in _ensured
    return fun(*args, **kwargs)
  File "C:\Users\LENOVO\RoomBooking_backend\venv\Lib\site-packages\kombu\messaging.py", line 200, in _publish
    channel = self.channel
              ^^^^^^^^^^^^
  File "C:\Users\LENOVO\RoomBooking_backend\venv\Lib\site-packages\kombu\messaging.py", line 224, in _get_channel
    channel = self._channel = channel()
                              ~~~~~~~^^
  File "C:\Users\LENOVO\RoomBooking_backend\venv\Lib\site-packages\kombu\utils\functional.py", line 34, in __call__
    value = self.__value__ = self.__contract__()
                             ~~~~~~~~~~~~~~~~~^^
  File "C:\Users\LENOVO\RoomBooking_backend\venv\Lib\site-packages\kombu\messaging.py", line 240, in <lambda>
    channel = ChannelPromise(lambda: connection.default_channel)
                                     ^^^^^^^^^^^^^^^^^^^^^^^^^^
  File "C:\Users\LENOVO\RoomBooking_backend\venv\Lib\site-packages\kombu\connection.py", line 960, in default_channel
    self._ensure_connection(**conn_opts)
    ~~~~~~~~~~~~~~~~~~~~~~~^^^^^^^^^^^^^
  File "C:\Users\LENOVO\RoomBooking_backend\venv\Lib\site-packages\kombu\connection.py", line 460, in _ensure_connection
    with ctx():
         ~~~^^
  File "C:\Users\LENOVO\AppData\Local\Programs\Python\Python313\Lib\contextlib.py", line 162, in __exit__
    self.gen.throw(value)
    ~~~~~~~~~~~~~~^^^^^^^
  File "C:\Users\LENOVO\RoomBooking_backend\venv\Lib\site-packages\kombu\connection.py", line 478, in _reraise_as_library_errors
    raise ConnectionError(str(exc)) from exc
kombu.exceptions.OperationalError: Error 10061 connecting to 127.0.0.1:6379. No connection could be made because the target machine actively refused it.
INFO 2026-10-06 13:09:59,106 backend.requests request_id=886b53c6d58e44cc8d5be7e8a10e02d5 request_finished
INFO 2026-10-06 13:09:59,107 django.server request_id=- "DELETE /api/bookings/41/delete/ HTTP/1.1" 200 82
INFO 2026-10-06 13:09:59,235 bookings.views request_id=ea64d5fb3b3e48a8a6e22dca303b167d booking_deleted
INFO 2026-10-06 13:09:59,244 bookings.signals request_id=ea64d5fb3b3e48a8a6e22dca303b167d booking_delete_signal booking_id=43 visitor_name=APP APPROVE FINAL
ERROR 2026-10-06 13:10:03,327 bookings.services.google_sheet_sync request_id=ea64d5fb3b3e48a8a6e22dca303b167d Failed to queue Google Sheet calendar sync task
Traceback (most recent call last):
  File "C:\Users\LENOVO\RoomBooking_backend\venv\Lib\site-packages\kombu\utils\functional.py", line 32, in __call__
    return self.__value__
           ^^^^^^^^^^^^^^
AttributeError: 'ChannelPromise' object has no attribute '__value__'. Did you mean: '__call__'?

During handling of the above exception, another exception occurred:

Traceback (most recent call last):
  File "C:\Users\LENOVO\RoomBooking_backend\venv\Lib\site-packages\kombu\transport\virtual\base.py", line 951, in create_channel
    return self._avail_channels.pop()
           ~~~~~~~~~~~~~~~~~~~~~~~~^^
IndexError: pop from empty list

During handling of the above exception, another exception occurred:

Traceback (most recent call last):
  File "C:\Users\LENOVO\RoomBooking_backend\venv\Lib\site-packages\redis\connection.py", line 855, in connect_check_health
    sock = self.retry.call_with_retry(
        lambda: self._connect(), lambda error: self.disconnect(error)
    )
  File "C:\Users\LENOVO\RoomBooking_backend\venv\Lib\site-packages\redis\retry.py", line 116, in call_with_retry
    return do()
  File "C:\Users\LENOVO\RoomBooking_backend\venv\Lib\site-packages\redis\connection.py", line 856, in <lambda>
    lambda: self._connect(), lambda error: self.disconnect(error)
            ~~~~~~~~~~~~~^^
  File "C:\Users\LENOVO\RoomBooking_backend\venv\Lib\site-packages\redis\connection.py", line 1306, in _connect
    raise err
  File "C:\Users\LENOVO\RoomBooking_backend\venv\Lib\site-packages\redis\connection.py", line 1290, in _connect
    sock.connect(socket_address)
    ~~~~~~~~~~~~^^^^^^^^^^^^^^^^
ConnectionRefusedError: [WinError 10061] No connection could be made because the target machine actively refused it

During handling of the above exception, another exception occurred:

Traceback (most recent call last):
  File "C:\Users\LENOVO\RoomBooking_backend\venv\Lib\site-packages\kombu\connection.py", line 474, in _reraise_as_library_errors
    yield
  File "C:\Users\LENOVO\RoomBooking_backend\venv\Lib\site-packages\kombu\connection.py", line 461, in _ensure_connection
    return retry_over_time(
        self._connection_factory, self.recoverable_connection_errors,
    ...<2 lines>...
        callback, timeout=timeout
    )
  File "C:\Users\LENOVO\RoomBooking_backend\venv\Lib\site-packages\kombu\utils\functional.py", line 318, in retry_over_time
    return fun(*args, **kwargs)
  File "C:\Users\LENOVO\RoomBooking_backend\venv\Lib\site-packages\kombu\connection.py", line 941, in _connection_factory
    self._connection = self._establish_connection()
                       ~~~~~~~~~~~~~~~~~~~~~~~~~~^^
  File "C:\Users\LENOVO\RoomBooking_backend\venv\Lib\site-packages\kombu\connection.py", line 863, in _establish_connection
    conn = self.transport.establish_connection()
  File "C:\Users\LENOVO\RoomBooking_backend\venv\Lib\site-packages\kombu\transport\virtual\base.py", line 975, in establish_connection
    self._avail_channels.append(self.create_channel(self))
                                ~~~~~~~~~~~~~~~~~~~^^^^^^
  File "C:\Users\LENOVO\RoomBooking_backend\venv\Lib\site-packages\kombu\transport\virtual\base.py", line 953, in create_channel
    channel = self.Channel(connection)
  File "C:\Users\LENOVO\RoomBooking_backend\venv\Lib\site-packages\kombu\transport\redis.py", line 757, in __init__
    self.client.ping()
    ~~~~~~~~~~~~~~~~^^
  File "C:\Users\LENOVO\RoomBooking_backend\venv\Lib\site-packages\redis\commands\core.py", line 1226, in ping
    return self.execute_command("PING", **kwargs)
           ~~~~~~~~~~~~~~~~~~~~^^^^^^^^^^^^^^^^^^
  File "C:\Users\LENOVO\RoomBooking_backend\venv\Lib\site-packages\redis\client.py", line 657, in execute_command
    return self._execute_command(*args, **options)
           ~~~~~~~~~~~~~~~~~~~~~^^^^^^^^^^^^^^^^^^
  File "C:\Users\LENOVO\RoomBooking_backend\venv\Lib\site-packages\redis\client.py", line 663, in _execute_command
    conn = self.connection or pool.get_connection()
                              ~~~~~~~~~~~~~~~~~~~^^
  File "C:\Users\LENOVO\RoomBooking_backend\venv\Lib\site-packages\redis\utils.py", line 196, in wrapper
    return func(*args, **kwargs)
  File "C:\Users\LENOVO\RoomBooking_backend\venv\Lib\site-packages\redis\connection.py", line 2603, in get_connection
    connection.connect()
    ~~~~~~~~~~~~~~~~~~^^
  File "C:\Users\LENOVO\RoomBooking_backend\venv\Lib\site-packages\redis\connection.py", line 846, in connect
    self.connect_check_health(check_health=True)
    ~~~~~~~~~~~~~~~~~~~~~~~~~^^^^^^^^^^^^^^^^^^^
  File "C:\Users\LENOVO\RoomBooking_backend\venv\Lib\site-packages\redis\connection.py", line 863, in connect_check_health
    raise ConnectionError(self._error_message(e))
redis.exceptions.ConnectionError: Error 10061 connecting to 127.0.0.1:6379. No connection could be made because the target machine actively refused it.

The above exception was the direct cause of the following exception:

Traceback (most recent call last):
  File "C:\Users\LENOVO\RoomBooking_backend\bookings\services\google_sheet_sync.py", line 496, in request_calendar_sync
    sync_google_sheet_calendar.delay()
    ~~~~~~~~~~~~~~~~~~~~~~~~~~~~~~~~^^
  File "C:\Users\LENOVO\RoomBooking_backend\venv\Lib\site-packages\celery\app\task.py", line 444, in delay
    return self.apply_async(args, kwargs)
           ~~~~~~~~~~~~~~~~^^^^^^^^^^^^^^
  File "C:\Users\LENOVO\RoomBooking_backend\venv\Lib\site-packages\celery\app\task.py", line 608, in apply_async
    return app.send_task(
           ~~~~~~~~~~~~~^
        self.name, args, kwargs, task_id=task_id, producer=producer,
        ^^^^^^^^^^^^^^^^^^^^^^^^^^^^^^^^^^^^^^^^^^^^^^^^^^^^^^^^^^^^
    ...<2 lines>...
        **options
        ^^^^^^^^^
    )
    ^
  File "C:\Users\LENOVO\RoomBooking_backend\venv\Lib\site-packages\celery\app\base.py", line 947, in send_task
    amqp.send_task_message(P, name, message, **options)
    ~~~~~~~~~~~~~~~~~~~~~~^^^^^^^^^^^^^^^^^^^^^^^^^^^^^
  File "C:\Users\LENOVO\RoomBooking_backend\venv\Lib\site-packages\celery\app\amqp.py", line 559, in send_task_message
    ret = producer.publish(
        body,
    ...<8 lines>...
        **properties
    )
  File "C:\Users\LENOVO\RoomBooking_backend\venv\Lib\site-packages\kombu\messaging.py", line 190, in publish
    return _publish(
        body, priority, content_type, content_encoding,
        headers, properties, routing_key, mandatory, immediate,
        exchange_name, declare, timeout, confirm_timeout, retry, retry_policy
    )
  File "C:\Users\LENOVO\RoomBooking_backend\venv\Lib\site-packages\kombu\connection.py", line 558, in _ensured
    return fun(*args, **kwargs)
  File "C:\Users\LENOVO\RoomBooking_backend\venv\Lib\site-packages\kombu\messaging.py", line 200, in _publish
    channel = self.channel
              ^^^^^^^^^^^^
  File "C:\Users\LENOVO\RoomBooking_backend\venv\Lib\site-packages\kombu\messaging.py", line 224, in _get_channel
    channel = self._channel = channel()
                              ~~~~~~~^^
  File "C:\Users\LENOVO\RoomBooking_backend\venv\Lib\site-packages\kombu\utils\functional.py", line 34, in __call__
    value = self.__value__ = self.__contract__()
                             ~~~~~~~~~~~~~~~~~^^
  File "C:\Users\LENOVO\RoomBooking_backend\venv\Lib\site-packages\kombu\messaging.py", line 240, in <lambda>
    channel = ChannelPromise(lambda: connection.default_channel)
                                     ^^^^^^^^^^^^^^^^^^^^^^^^^^
  File "C:\Users\LENOVO\RoomBooking_backend\venv\Lib\site-packages\kombu\connection.py", line 960, in default_channel
    self._ensure_connection(**conn_opts)
    ~~~~~~~~~~~~~~~~~~~~~~~^^^^^^^^^^^^^
  File "C:\Users\LENOVO\RoomBooking_backend\venv\Lib\site-packages\kombu\connection.py", line 460, in _ensure_connection
    with ctx():
         ~~~^^
  File "C:\Users\LENOVO\AppData\Local\Programs\Python\Python313\Lib\contextlib.py", line 162, in __exit__
    self.gen.throw(value)
    ~~~~~~~~~~~~~~^^^^^^^
  File "C:\Users\LENOVO\RoomBooking_backend\venv\Lib\site-packages\kombu\connection.py", line 478, in _reraise_as_library_errors
    raise ConnectionError(str(exc)) from exc
kombu.exceptions.OperationalError: Error 10061 connecting to 127.0.0.1:6379. No connection could be made because the target machine actively refused it.
INFO 2026-10-06 13:10:03,342 backend.requests request_id=ea64d5fb3b3e48a8a6e22dca303b167d request_finished
INFO 2026-10-06 13:10:03,343 django.server request_id=- "DELETE /api/bookings/43/delete/ HTTP/1.1" 200 82
INFO 2026-10-06 13:10:03,426 bookings.views request_id=8f5216bb68a248bc95104034e1dda1bd booking_deleted
INFO 2026-10-06 13:10:03,434 bookings.signals request_id=8f5216bb68a248bc95104034e1dda1bd booking_delete_signal booking_id=44 visitor_name=duygujge
ERROR 2026-10-06 13:10:07,515 bookings.services.google_sheet_sync request_id=8f5216bb68a248bc95104034e1dda1bd Failed to queue Google Sheet calendar sync task
Traceback (most recent call last):
  File "C:\Users\LENOVO\RoomBooking_backend\venv\Lib\site-packages\kombu\utils\functional.py", line 32, in __call__
    return self.__value__
           ^^^^^^^^^^^^^^
AttributeError: 'ChannelPromise' object has no attribute '__value__'. Did you mean: '__call__'?

During handling of the above exception, another exception occurred:

Traceback (most recent call last):
  File "C:\Users\LENOVO\RoomBooking_backend\venv\Lib\site-packages\kombu\transport\virtual\base.py", line 951, in create_channel
    return self._avail_channels.pop()
           ~~~~~~~~~~~~~~~~~~~~~~~~^^
IndexError: pop from empty list

During handling of the above exception, another exception occurred:

Traceback (most recent call last):
  File "C:\Users\LENOVO\RoomBooking_backend\venv\Lib\site-packages\redis\connection.py", line 855, in connect_check_health
    sock = self.retry.call_with_retry(
        lambda: self._connect(), lambda error: self.disconnect(error)
    )
  File "C:\Users\LENOVO\RoomBooking_backend\venv\Lib\site-packages\redis\retry.py", line 116, in call_with_retry
    return do()
  File "C:\Users\LENOVO\RoomBooking_backend\venv\Lib\site-packages\redis\connection.py", line 856, in <lambda>
    lambda: self._connect(), lambda error: self.disconnect(error)
            ~~~~~~~~~~~~~^^
  File "C:\Users\LENOVO\RoomBooking_backend\venv\Lib\site-packages\redis\connection.py", line 1306, in _connect
    raise err
  File "C:\Users\LENOVO\RoomBooking_backend\venv\Lib\site-packages\redis\connection.py", line 1290, in _connect
    sock.connect(socket_address)
    ~~~~~~~~~~~~^^^^^^^^^^^^^^^^
ConnectionRefusedError: [WinError 10061] No connection could be made because the target machine actively refused it

During handling of the above exception, another exception occurred:

Traceback (most recent call last):
  File "C:\Users\LENOVO\RoomBooking_backend\venv\Lib\site-packages\kombu\connection.py", line 474, in _reraise_as_library_errors
    yield
  File "C:\Users\LENOVO\RoomBooking_backend\venv\Lib\site-packages\kombu\connection.py", line 461, in _ensure_connection
    return retry_over_time(
        self._connection_factory, self.recoverable_connection_errors,
    ...<2 lines>...
        callback, timeout=timeout
    )
  File "C:\Users\LENOVO\RoomBooking_backend\venv\Lib\site-packages\kombu\utils\functional.py", line 318, in retry_over_time
    return fun(*args, **kwargs)
  File "C:\Users\LENOVO\RoomBooking_backend\venv\Lib\site-packages\kombu\connection.py", line 941, in _connection_factory
    self._connection = self._establish_connection()
                       ~~~~~~~~~~~~~~~~~~~~~~~~~~^^
  File "C:\Users\LENOVO\RoomBooking_backend\venv\Lib\site-packages\kombu\connection.py", line 863, in _establish_connection
    conn = self.transport.establish_connection()
  File "C:\Users\LENOVO\RoomBooking_backend\venv\Lib\site-packages\kombu\transport\virtual\base.py", line 975, in establish_connection
    self._avail_channels.append(self.create_channel(self))
                                ~~~~~~~~~~~~~~~~~~~^^^^^^
  File "C:\Users\LENOVO\RoomBooking_backend\venv\Lib\site-packages\kombu\transport\virtual\base.py", line 953, in create_channel
    channel = self.Channel(connection)
  File "C:\Users\LENOVO\RoomBooking_backend\venv\Lib\site-packages\kombu\transport\redis.py", line 757, in __init__
    self.client.ping()
    ~~~~~~~~~~~~~~~~^^
  File "C:\Users\LENOVO\RoomBooking_backend\venv\Lib\site-packages\redis\commands\core.py", line 1226, in ping
    return self.execute_command("PING", **kwargs)
           ~~~~~~~~~~~~~~~~~~~~^^^^^^^^^^^^^^^^^^
  File "C:\Users\LENOVO\RoomBooking_backend\venv\Lib\site-packages\redis\client.py", line 657, in execute_command
    return self._execute_command(*args, **options)
           ~~~~~~~~~~~~~~~~~~~~~^^^^^^^^^^^^^^^^^^
  File "C:\Users\LENOVO\RoomBooking_backend\venv\Lib\site-packages\redis\client.py", line 663, in _execute_command
    conn = self.connection or pool.get_connection()
                              ~~~~~~~~~~~~~~~~~~~^^
  File "C:\Users\LENOVO\RoomBooking_backend\venv\Lib\site-packages\redis\utils.py", line 196, in wrapper
    return func(*args, **kwargs)
  File "C:\Users\LENOVO\RoomBooking_backend\venv\Lib\site-packages\redis\connection.py", line 2603, in get_connection
    connection.connect()
    ~~~~~~~~~~~~~~~~~~^^
  File "C:\Users\LENOVO\RoomBooking_backend\venv\Lib\site-packages\redis\connection.py", line 846, in connect
    self.connect_check_health(check_health=True)
    ~~~~~~~~~~~~~~~~~~~~~~~~~^^^^^^^^^^^^^^^^^^^
  File "C:\Users\LENOVO\RoomBooking_backend\venv\Lib\site-packages\redis\connection.py", line 863, in connect_check_health
    raise ConnectionError(self._error_message(e))
redis.exceptions.ConnectionError: Error 10061 connecting to 127.0.0.1:6379. No connection could be made because the target machine actively refused it.

The above exception was the direct cause of the following exception:

Traceback (most recent call last):
  File "C:\Users\LENOVO\RoomBooking_backend\bookings\services\google_sheet_sync.py", line 496, in request_calendar_sync
    sync_google_sheet_calendar.delay()
    ~~~~~~~~~~~~~~~~~~~~~~~~~~~~~~~~^^
  File "C:\Users\LENOVO\RoomBooking_backend\venv\Lib\site-packages\celery\app\task.py", line 444, in delay
    return self.apply_async(args, kwargs)
           ~~~~~~~~~~~~~~~~^^^^^^^^^^^^^^
  File "C:\Users\LENOVO\RoomBooking_backend\venv\Lib\site-packages\celery\app\task.py", line 608, in apply_async
    return app.send_task(
           ~~~~~~~~~~~~~^
        self.name, args, kwargs, task_id=task_id, producer=producer,
        ^^^^^^^^^^^^^^^^^^^^^^^^^^^^^^^^^^^^^^^^^^^^^^^^^^^^^^^^^^^^
    ...<2 lines>...
        **options
        ^^^^^^^^^
    )
    ^
  File "C:\Users\LENOVO\RoomBooking_backend\venv\Lib\site-packages\celery\app\base.py", line 947, in send_task
    amqp.send_task_message(P, name, message, **options)
    ~~~~~~~~~~~~~~~~~~~~~~^^^^^^^^^^^^^^^^^^^^^^^^^^^^^
  File "C:\Users\LENOVO\RoomBooking_backend\venv\Lib\site-packages\celery\app\amqp.py", line 559, in send_task_message
    ret = producer.publish(
        body,
    ...<8 lines>...
        **properties
    )
  File "C:\Users\LENOVO\RoomBooking_backend\venv\Lib\site-packages\kombu\messaging.py", line 190, in publish
    return _publish(
        body, priority, content_type, content_encoding,
        headers, properties, routing_key, mandatory, immediate,
        exchange_name, declare, timeout, confirm_timeout, retry, retry_policy
    )
  File "C:\Users\LENOVO\RoomBooking_backend\venv\Lib\site-packages\kombu\connection.py", line 558, in _ensured
    return fun(*args, **kwargs)
  File "C:\Users\LENOVO\RoomBooking_backend\venv\Lib\site-packages\kombu\messaging.py", line 200, in _publish
    channel = self.channel
              ^^^^^^^^^^^^
  File "C:\Users\LENOVO\RoomBooking_backend\venv\Lib\site-packages\kombu\messaging.py", line 224, in _get_channel
    channel = self._channel = channel()
                              ~~~~~~~^^
  File "C:\Users\LENOVO\RoomBooking_backend\venv\Lib\site-packages\kombu\utils\functional.py", line 34, in __call__
    value = self.__value__ = self.__contract__()
                             ~~~~~~~~~~~~~~~~~^^
  File "C:\Users\LENOVO\RoomBooking_backend\venv\Lib\site-packages\kombu\messaging.py", line 240, in <lambda>
    channel = ChannelPromise(lambda: connection.default_channel)
                                     ^^^^^^^^^^^^^^^^^^^^^^^^^^
  File "C:\Users\LENOVO\RoomBooking_backend\venv\Lib\site-packages\kombu\connection.py", line 960, in default_channel
    self._ensure_connection(**conn_opts)
    ~~~~~~~~~~~~~~~~~~~~~~~^^^^^^^^^^^^^
  File "C:\Users\LENOVO\RoomBooking_backend\venv\Lib\site-packages\kombu\connection.py", line 460, in _ensure_connection
    with ctx():
         ~~~^^
  File "C:\Users\LENOVO\AppData\Local\Programs\Python\Python313\Lib\contextlib.py", line 162, in __exit__
    self.gen.throw(value)
    ~~~~~~~~~~~~~~^^^^^^^
  File "C:\Users\LENOVO\RoomBooking_backend\venv\Lib\site-packages\kombu\connection.py", line 478, in _reraise_as_library_errors
    raise ConnectionError(str(exc)) from exc
kombu.exceptions.OperationalError: Error 10061 connecting to 127.0.0.1:6379. No connection could be made because the target machine actively refused it.
INFO 2026-10-06 13:10:07,520 backend.requests request_id=8f5216bb68a248bc95104034e1dda1bd request_finished
INFO 2026-10-06 13:10:07,521 django.server request_id=- "DELETE /api/bookings/44/delete/ HTTP/1.1" 200 82
INFO 2026-10-06 13:10:07,645 backend.requests request_id=bb2b39d6c57b44278e5e32ed69823742 request_finished
INFO 2026-10-06 13:10:07,646 django.server request_id=- "GET /api/bookings/?page=1&status=active HTTP/1.1" 200 107
INFO 2026-10-06 13:10:11,405 backend.requests request_id=a8f17480bf774c19af074ca79f9fc376 request_finished
INFO 2026-10-06 13:10:11,408 django.server request_id=- "GET /api/workflow-notification-counts/ HTTP/1.1" 200 4893
INFO 2026-10-06 13:10:13,459 backend.requests request_id=7664d09518194d0f9890e4dbfb4b1be2 request_finished
INFO 2026-10-06 13:10:13,460 django.server request_id=- "GET /api/auth/me/ HTTP/1.1" 200 259
INFO 2026-10-06 13:10:13,584 backend.requests request_id=334d55cc47b84b4cbbeca16d5aa708cc request_finished
INFO 2026-10-06 13:10:13,585 django.server request_id=- "GET /api/bookings/availability/?month=10&year=2026 HTTP/1.1" 200 10175
INFO 2026-10-06 13:10:13,685 backend.requests request_id=cfe495d54cea44749af839a0b0f320ad request_finished
INFO 2026-10-06 13:10:13,686 django.server request_id=- "GET /api/workflow-notification-counts/ HTTP/1.1" 200 4893
INFO 2026-10-06 13:10:14,720 backend.requests request_id=aaf795b779cf4408b5d68584a475476e request_finished
INFO 2026-10-06 13:10:14,731 django.server request_id=- "GET /api/bookings/availability/?month=10&year=2026 HTTP/1.1" 200 10175
INFO 2026-10-06 13:10:18,378 backend.requests request_id=d02604c7e7ab41cea708cbaac82982f3 request_finished
INFO 2026-10-06 13:10:18,390 django.server request_id=- "POST /api/workflow-notifications/mark-read/ HTTP/1.1" 200 4890
INFO 2026-10-06 13:10:19,151 backend.requests request_id=28deae5a960245c2b84df03b77179562 request_finished
INFO 2026-10-06 13:10:19,152 django.server request_id=- "GET /api/admin/booking-requests/ HTTP/1.1" 200 6757
INFO 2026-10-06 13:10:19,165 backend.requests request_id=d1f25a09c3c5485bac56d34dadd04417 request_finished
INFO 2026-10-06 13:10:19,165 django.server request_id=- "GET /api/workflow-notification-counts/ HTTP/1.1" 200 4893
INFO 2026-10-06 13:10:19,847 backend.requests request_id=325c4014e96d4fa79a72cecf684e57e5 request_finished
INFO 2026-10-06 13:10:19,859 django.server request_id=- "GET /api/admin/booking-requests/13/ HTTP/1.1" 200 1421
INFO 2026-10-06 13:10:20,369 backend.requests request_id=97516512b3404dfab37664c1f3475817 request_finished
INFO 2026-10-06 13:10:20,381 django.server request_id=- "GET /api/room-available-rooms-range/?arrival_date=2028-01-10&departure_date=2028-01-13&prefix=Delta HTTP/1.1" 200 2022
INFO 2026-10-06 13:10:21,027 backend.requests request_id=a33cc4d869f643b896b3000947717491 request_finished
INFO 2026-10-06 13:10:21,037 django.server request_id=- "GET /api/room-available-rooms-range/?arrival_date=2028-01-10&departure_date=2028-01-13&prefix=Gamma HTTP/1.1" 200 1536
INFO 2026-10-06 13:10:21,041 backend.requests request_id=57672a7ff2854e2e8cce8c2c3edec44e request_finished
INFO 2026-10-06 13:10:21,042 django.server request_id=- "GET /api/workflow-notification-counts/ HTTP/1.1" 200 4893
INFO 2026-10-06 13:10:21,058 backend.requests request_id=b2db8417a2114f05b8ea4e26aaece8f1 request_finished
INFO 2026-10-06 13:10:21,059 django.server request_id=- "GET /api/room-available-rooms-range/?arrival_date=2028-01-10&departure_date=2028-01-13&prefix=Beta HTTP/1.1" 200 2916
ERROR 2026-10-06 13:10:33,930 bookings.services.google_sheet_sync request_id=7e6fafa030ca42cf8309c4df31196d5d Failed to queue Google Sheet calendar sync task
Traceback (most recent call last):
  File "C:\Users\LENOVO\RoomBooking_backend\venv\Lib\site-packages\kombu\utils\functional.py", line 32, in __call__
    return self.__value__
           ^^^^^^^^^^^^^^
AttributeError: 'ChannelPromise' object has no attribute '__value__'. Did you mean: '__call__'?

During handling of the above exception, another exception occurred:

Traceback (most recent call last):
  File "C:\Users\LENOVO\RoomBooking_backend\venv\Lib\site-packages\kombu\transport\virtual\base.py", line 951, in create_channel
    return self._avail_channels.pop()
           ~~~~~~~~~~~~~~~~~~~~~~~~^^
IndexError: pop from empty list

During handling of the above exception, another exception occurred:

Traceback (most recent call last):
  File "C:\Users\LENOVO\RoomBooking_backend\venv\Lib\site-packages\redis\connection.py", line 855, in connect_check_health
    sock = self.retry.call_with_retry(
        lambda: self._connect(), lambda error: self.disconnect(error)
    )
  File "C:\Users\LENOVO\RoomBooking_backend\venv\Lib\site-packages\redis\retry.py", line 116, in call_with_retry
    return do()
  File "C:\Users\LENOVO\RoomBooking_backend\venv\Lib\site-packages\redis\connection.py", line 856, in <lambda>
    lambda: self._connect(), lambda error: self.disconnect(error)
            ~~~~~~~~~~~~~^^
  File "C:\Users\LENOVO\RoomBooking_backend\venv\Lib\site-packages\redis\connection.py", line 1306, in _connect
    raise err
  File "C:\Users\LENOVO\RoomBooking_backend\venv\Lib\site-packages\redis\connection.py", line 1290, in _connect
    sock.connect(socket_address)
    ~~~~~~~~~~~~^^^^^^^^^^^^^^^^
ConnectionRefusedError: [WinError 10061] No connection could be made because the target machine actively refused it

During handling of the above exception, another exception occurred:

Traceback (most recent call last):
  File "C:\Users\LENOVO\RoomBooking_backend\venv\Lib\site-packages\kombu\connection.py", line 474, in _reraise_as_library_errors
    yield
  File "C:\Users\LENOVO\RoomBooking_backend\venv\Lib\site-packages\kombu\connection.py", line 461, in _ensure_connection
    return retry_over_time(
        self._connection_factory, self.recoverable_connection_errors,
    ...<2 lines>...
        callback, timeout=timeout
    )
  File "C:\Users\LENOVO\RoomBooking_backend\venv\Lib\site-packages\kombu\utils\functional.py", line 318, in retry_over_time
    return fun(*args, **kwargs)
  File "C:\Users\LENOVO\RoomBooking_backend\venv\Lib\site-packages\kombu\connection.py", line 941, in _connection_factory
    self._connection = self._establish_connection()
                       ~~~~~~~~~~~~~~~~~~~~~~~~~~^^
  File "C:\Users\LENOVO\RoomBooking_backend\venv\Lib\site-packages\kombu\connection.py", line 863, in _establish_connection
    conn = self.transport.establish_connection()
  File "C:\Users\LENOVO\RoomBooking_backend\venv\Lib\site-packages\kombu\transport\virtual\base.py", line 975, in establish_connection
    self._avail_channels.append(self.create_channel(self))
                                ~~~~~~~~~~~~~~~~~~~^^^^^^
  File "C:\Users\LENOVO\RoomBooking_backend\venv\Lib\site-packages\kombu\transport\virtual\base.py", line 953, in create_channel
    channel = self.Channel(connection)
  File "C:\Users\LENOVO\RoomBooking_backend\venv\Lib\site-packages\kombu\transport\redis.py", line 757, in __init__
    self.client.ping()
    ~~~~~~~~~~~~~~~~^^
  File "C:\Users\LENOVO\RoomBooking_backend\venv\Lib\site-packages\redis\commands\core.py", line 1226, in ping
    return self.execute_command("PING", **kwargs)
           ~~~~~~~~~~~~~~~~~~~~^^^^^^^^^^^^^^^^^^
  File "C:\Users\LENOVO\RoomBooking_backend\venv\Lib\site-packages\redis\client.py", line 657, in execute_command
    return self._execute_command(*args, **options)
           ~~~~~~~~~~~~~~~~~~~~~^^^^^^^^^^^^^^^^^^
  File "C:\Users\LENOVO\RoomBooking_backend\venv\Lib\site-packages\redis\client.py", line 663, in _execute_command
    conn = self.connection or pool.get_connection()
                              ~~~~~~~~~~~~~~~~~~~^^
  File "C:\Users\LENOVO\RoomBooking_backend\venv\Lib\site-packages\redis\utils.py", line 196, in wrapper
    return func(*args, **kwargs)
  File "C:\Users\LENOVO\RoomBooking_backend\venv\Lib\site-packages\redis\connection.py", line 2603, in get_connection
    connection.connect()
    ~~~~~~~~~~~~~~~~~~^^
  File "C:\Users\LENOVO\RoomBooking_backend\venv\Lib\site-packages\redis\connection.py", line 846, in connect
    self.connect_check_health(check_health=True)
    ~~~~~~~~~~~~~~~~~~~~~~~~~^^^^^^^^^^^^^^^^^^^
  File "C:\Users\LENOVO\RoomBooking_backend\venv\Lib\site-packages\redis\connection.py", line 863, in connect_check_health
    raise ConnectionError(self._error_message(e))
redis.exceptions.ConnectionError: Error 10061 connecting to 127.0.0.1:6379. No connection could be made because the target machine actively refused it.

The above exception was the direct cause of the following exception:

Traceback (most recent call last):
  File "C:\Users\LENOVO\RoomBooking_backend\bookings\services\google_sheet_sync.py", line 496, in request_calendar_sync
    sync_google_sheet_calendar.delay()
    ~~~~~~~~~~~~~~~~~~~~~~~~~~~~~~~~^^
  File "C:\Users\LENOVO\RoomBooking_backend\venv\Lib\site-packages\celery\app\task.py", line 444, in delay
    return self.apply_async(args, kwargs)
           ~~~~~~~~~~~~~~~~^^^^^^^^^^^^^^
  File "C:\Users\LENOVO\RoomBooking_backend\venv\Lib\site-packages\celery\app\task.py", line 608, in apply_async
    return app.send_task(
           ~~~~~~~~~~~~~^
        self.name, args, kwargs, task_id=task_id, producer=producer,
        ^^^^^^^^^^^^^^^^^^^^^^^^^^^^^^^^^^^^^^^^^^^^^^^^^^^^^^^^^^^^
    ...<2 lines>...
        **options
        ^^^^^^^^^
    )
    ^
  File "C:\Users\LENOVO\RoomBooking_backend\venv\Lib\site-packages\celery\app\base.py", line 947, in send_task
    amqp.send_task_message(P, name, message, **options)
    ~~~~~~~~~~~~~~~~~~~~~~^^^^^^^^^^^^^^^^^^^^^^^^^^^^^
  File "C:\Users\LENOVO\RoomBooking_backend\venv\Lib\site-packages\celery\app\amqp.py", line 559, in send_task_message
    ret = producer.publish(
        body,
    ...<8 lines>...
        **properties
    )
  File "C:\Users\LENOVO\RoomBooking_backend\venv\Lib\site-packages\kombu\messaging.py", line 190, in publish
    return _publish(
        body, priority, content_type, content_encoding,
        headers, properties, routing_key, mandatory, immediate,
        exchange_name, declare, timeout, confirm_timeout, retry, retry_policy
    )
  File "C:\Users\LENOVO\RoomBooking_backend\venv\Lib\site-packages\kombu\connection.py", line 558, in _ensured
    return fun(*args, **kwargs)
  File "C:\Users\LENOVO\RoomBooking_backend\venv\Lib\site-packages\kombu\messaging.py", line 200, in _publish
    channel = self.channel
              ^^^^^^^^^^^^
  File "C:\Users\LENOVO\RoomBooking_backend\venv\Lib\site-packages\kombu\messaging.py", line 224, in _get_channel
    channel = self._channel = channel()
                              ~~~~~~~^^
  File "C:\Users\LENOVO\RoomBooking_backend\venv\Lib\site-packages\kombu\utils\functional.py", line 34, in __call__
    value = self.__value__ = self.__contract__()
                             ~~~~~~~~~~~~~~~~~^^
  File "C:\Users\LENOVO\RoomBooking_backend\venv\Lib\site-packages\kombu\messaging.py", line 240, in <lambda>
    channel = ChannelPromise(lambda: connection.default_channel)
                                     ^^^^^^^^^^^^^^^^^^^^^^^^^^
  File "C:\Users\LENOVO\RoomBooking_backend\venv\Lib\site-packages\kombu\connection.py", line 960, in default_channel
    self._ensure_connection(**conn_opts)
    ~~~~~~~~~~~~~~~~~~~~~~~^^^^^^^^^^^^^
  File "C:\Users\LENOVO\RoomBooking_backend\venv\Lib\site-packages\kombu\connection.py", line 460, in _ensure_connection
    with ctx():
         ~~~^^
  File "C:\Users\LENOVO\AppData\Local\Programs\Python\Python313\Lib\contextlib.py", line 162, in __exit__
    self.gen.throw(value)
    ~~~~~~~~~~~~~~^^^^^^^
  File "C:\Users\LENOVO\RoomBooking_backend\venv\Lib\site-packages\kombu\connection.py", line 478, in _reraise_as_library_errors
    raise ConnectionError(str(exc)) from exc
kombu.exceptions.OperationalError: Error 10061 connecting to 127.0.0.1:6379. No connection could be made because the target machine actively refused it.
INFO 2026-10-06 13:10:33,950 backend.requests request_id=7e6fafa030ca42cf8309c4df31196d5d request_finished
INFO 2026-10-06 13:10:33,951 django.server request_id=- "POST /api/admin/booking-requests/13/approve/ HTTP/1.1" 200 1460
INFO 2026-10-06 13:10:34,260 backend.requests request_id=3b88b6489faf4fb0a81b6a28a6005d9a request_finished
INFO 2026-10-06 13:10:34,271 django.server request_id=- "GET /api/auth/me/ HTTP/1.1" 200 259
INFO 2026-10-06 13:10:34,538 backend.requests request_id=1868a45a9ff540b69bb7c0ff5bc40180 request_finished
INFO 2026-10-06 13:10:34,540 django.server request_id=- "GET /api/admin/booking-requests/ HTTP/1.1" 200 6795
INFO 2026-10-06 13:10:34,555 backend.requests request_id=672c83b6da4749eea698490f572a9d91 request_finished
INFO 2026-10-06 13:10:34,555 django.server request_id=- "GET /api/workflow-notification-counts/ HTTP/1.1" 200 4458
INFO 2026-10-06 13:10:35,990 backend.requests request_id=2d07c45691f045feb97cb8600d52234d request_finished
INFO 2026-10-06 13:10:36,002 django.server request_id=- "GET /api/admin/booking-requests/11/ HTTP/1.1" 200 1411
INFO 2026-10-06 13:10:36,511 backend.requests request_id=1af14c8b578d4bfab47352be1f620d34 request_finished
INFO 2026-10-06 13:10:36,512 django.server request_id=- "GET /api/room-available-rooms-range/?arrival_date=2027-11-11&departure_date=2027-11-14&prefix=Delta HTTP/1.1" 200 2022
INFO 2026-10-06 13:10:37,249 backend.requests request_id=f6bca1e645c34e83810fa7b1a9d19851 request_finished
INFO 2026-10-06 13:10:37,261 django.server request_id=- "GET /api/room-available-rooms-range/?arrival_date=2027-11-11&departure_date=2027-11-14&prefix=Gamma HTTP/1.1" 200 1536
INFO 2026-10-06 13:10:37,266 backend.requests request_id=f3f810c10cbb49d896cf3db700438378 request_finished
INFO 2026-10-06 13:10:37,267 django.server request_id=- "GET /api/workflow-notification-counts/ HTTP/1.1" 200 4458
INFO 2026-10-06 13:10:37,289 backend.requests request_id=7150501498594b7f927aed22c7834d63 request_finished
INFO 2026-10-06 13:10:37,290 django.server request_id=- "GET /api/room-available-rooms-range/?arrival_date=2027-11-11&departure_date=2027-11-14&prefix=Beta HTTP/1.1" 200 2916
INFO 2026-10-06 13:10:42,484 backend.requests request_id=04a87637df014c50adfae2cc5d44e06c request_finished
INFO 2026-10-06 13:10:42,485 django.server request_id=- "DELETE /api/admin/booking-requests/11/delete/ HTTP/1.1" 200 1457
INFO 2026-10-06 13:10:43,098 backend.requests request_id=a49f98c652bf43458838f833bdebcf97 request_finished
INFO 2026-10-06 13:10:43,109 django.server request_id=- "GET /api/admin/booking-requests/ HTTP/1.1" 200 5457
INFO 2026-10-06 13:10:43,164 backend.requests request_id=a9cf402b66cc48daae76b5795da9fd4a request_finished
INFO 2026-10-06 13:10:43,164 django.server request_id=- "GET /api/workflow-notification-counts/ HTTP/1.1" 200 4022
INFO 2026-10-06 13:10:46,212 backend.requests request_id=91a196d3a6b44700b7beabfcd22aef08 request_finished
INFO 2026-10-06 13:10:46,212 django.server request_id=- "GET /api/admin/booking-requests/9/ HTTP/1.1" 200 1457
INFO 2026-10-06 13:10:46,675 backend.requests request_id=0d28f25e6acd45bd86fac67bedfb4590 request_finished
INFO 2026-10-06 13:10:46,676 django.server request_id=- "GET /api/room-available-rooms-range/?arrival_date=2027-05-12&departure_date=2027-05-14&prefix=Delta HTTP/1.1" 200 2022
INFO 2026-10-06 13:10:46,898 backend.requests request_id=0b71886f90e94e379f0326279490ecda request_finished
INFO 2026-10-06 13:10:46,910 django.server request_id=- "GET /api/auth/me/ HTTP/1.1" 200 259
INFO 2026-10-06 13:10:47,244 backend.requests request_id=de33be484d3940769fadd387d62df3c4 request_finished
INFO 2026-10-06 13:10:47,245 django.server request_id=- "GET /api/room-available-rooms-range/?arrival_date=2027-05-12&departure_date=2027-05-14&prefix=Gamma HTTP/1.1" 200 1536
INFO 2026-10-06 13:10:47,257 backend.requests request_id=b9cfc8f5623547d7b3fd487223f0d738 request_finished
INFO 2026-10-06 13:10:47,258 django.server request_id=- "GET /api/workflow-notification-counts/ HTTP/1.1" 200 4022
INFO 2026-10-06 13:10:47,267 backend.requests request_id=1fd2170c8e384a3d8ae02be00c5c7469 request_finished
INFO 2026-10-06 13:10:47,267 django.server request_id=- "GET /api/room-available-rooms-range/?arrival_date=2027-05-12&departure_date=2027-05-14&prefix=Beta HTTP/1.1" 200 2916
INFO 2026-10-06 13:10:52,171 backend.requests request_id=16a6431780094c9ab830ab1ff6529a03 request_finished
INFO 2026-10-06 13:10:52,171 django.server request_id=- "DELETE /api/admin/booking-requests/9/delete/ HTTP/1.1" 200 1501
INFO 2026-10-06 13:10:52,753 backend.requests request_id=4e13625820e2472fae3e8db2a1fc69ad request_finished
INFO 2026-10-06 13:10:52,754 django.server request_id=- "GET /api/admin/booking-requests/ HTTP/1.1" 200 4073
INFO 2026-10-06 13:10:52,804 backend.requests request_id=330db9471f46420fad12ce583c01f609 request_finished
INFO 2026-10-06 13:10:52,804 django.server request_id=- "GET /api/workflow-notification-counts/ HTTP/1.1" 200 4022
INFO 2026-10-06 13:10:53,827 backend.requests request_id=21aebb32929c4b8a98da8ffa2126520d request_finished
INFO 2026-10-06 13:10:53,828 django.server request_id=- "GET /api/admin/booking-requests/6/ HTTP/1.1" 200 1385
INFO 2026-10-06 13:10:54,303 backend.requests request_id=3b71aa88bedc421784b9e00e30eafd3b request_finished
INFO 2026-10-06 13:10:54,304 django.server request_id=- "GET /api/room-available-rooms-range/?arrival_date=2026-10-13&departure_date=2026-10-17&prefix=Delta HTTP/1.1" 200 2022
INFO 2026-10-06 13:10:54,970 backend.requests request_id=2747cdafa6c0408597bbffe54df727a7 request_finished
INFO 2026-10-06 13:10:54,982 django.server request_id=- "GET /api/room-available-rooms-range/?arrival_date=2026-10-13&departure_date=2026-10-17&prefix=Gamma HTTP/1.1" 200 1536
INFO 2026-10-06 13:10:54,983 backend.requests request_id=fbe77cb8077f4bc8baec656279ac27d3 request_finished
INFO 2026-10-06 13:10:54,983 django.server request_id=- "GET /api/workflow-notification-counts/ HTTP/1.1" 200 4022
INFO 2026-10-06 13:10:55,013 backend.requests request_id=a06482975a654e6a8175d25e773e6a5e request_finished
INFO 2026-10-06 13:10:55,013 django.server request_id=- "GET /api/room-available-rooms-range/?arrival_date=2026-10-13&departure_date=2026-10-17&prefix=Beta HTTP/1.1" 200 2916
INFO 2026-10-06 13:10:59,120 backend.requests request_id=6e760516d4544758b004a9ccc448349a request_finished
INFO 2026-10-06 13:10:59,121 django.server request_id=- "DELETE /api/admin/booking-requests/6/delete/ HTTP/1.1" 200 1430
INFO 2026-10-06 13:10:59,422 backend.requests request_id=bce9731e9adf42f9aaebbbfb5dc096a8 request_finished
INFO 2026-10-06 13:10:59,423 django.server request_id=- "GET /api/auth/me/ HTTP/1.1" 200 259
INFO 2026-10-06 13:10:59,641 backend.requests request_id=48d54114d8bd4a15ac2d1a0f398e3edd request_finished
INFO 2026-10-06 13:10:59,642 django.server request_id=- "GET /api/admin/booking-requests/ HTTP/1.1" 200 2761
INFO 2026-10-06 13:10:59,688 backend.requests request_id=bfb038112f2d4d5b853bffed1afa6004 request_finished
INFO 2026-10-06 13:10:59,689 django.server request_id=- "GET /api/workflow-notification-counts/ HTTP/1.1" 200 4022
INFO 2026-10-06 13:11:00,488 backend.requests request_id=b3e42bcda87d444892da02ab5b6c42cc request_finished
INFO 2026-10-06 13:11:00,499 django.server request_id=- "GET /api/admin/booking-requests/8/ HTTP/1.1" 200 1372
INFO 2026-10-06 13:11:00,961 backend.requests request_id=886f3f46f25344dd93716ddc98e3d840 request_finished
INFO 2026-10-06 13:11:00,973 django.server request_id=- "GET /api/room-available-rooms-range/?arrival_date=2026-10-20&departure_date=2026-10-29&prefix=Delta HTTP/1.1" 200 2022
INFO 2026-10-06 13:11:01,664 backend.requests request_id=6851a7b49bff4b3fb7ce2e129007da6b request_finished
INFO 2026-10-06 13:11:01,665 django.server request_id=- "GET /api/room-available-rooms-range/?arrival_date=2026-10-20&departure_date=2026-10-29&prefix=Gamma HTTP/1.1" 200 1536
INFO 2026-10-06 13:11:01,681 backend.requests request_id=5f2793ae272d4101b95f3bc59c74316a request_finished
INFO 2026-10-06 13:11:01,682 django.server request_id=- "GET /api/workflow-notification-counts/ HTTP/1.1" 200 4022
INFO 2026-10-06 13:11:01,691 backend.requests request_id=16be5ddc731d4652b56007a70f1a7fd0 request_finished
INFO 2026-10-06 13:11:01,691 django.server request_id=- "GET /api/room-available-rooms-range/?arrival_date=2026-10-20&departure_date=2026-10-29&prefix=Beta HTTP/1.1" 200 2916
INFO 2026-10-06 13:11:06,332 backend.requests request_id=46a23155fedc47f7a1ef08d164c714b6 request_finished
INFO 2026-10-06 13:11:06,332 django.server request_id=- "DELETE /api/admin/booking-requests/8/delete/ HTTP/1.1" 200 1416
INFO 2026-10-06 13:11:06,698 backend.requests request_id=136014d0989b42f89e9458f24109f0f0 request_finished
INFO 2026-10-06 13:11:06,699 django.server request_id=- "GET /api/admin/booking-requests/ HTTP/1.1" 200 1462
INFO 2026-10-06 13:11:06,737 backend.requests request_id=25fa8afe9d1f41da8d131974dd4aa5b8 request_finished
INFO 2026-10-06 13:11:06,737 django.server request_id=- "GET /api/workflow-notification-counts/ HTTP/1.1" 200 4022
INFO 2026-10-06 13:11:07,561 backend.requests request_id=4441adc258a54aeaa361ede7b3cbda65 request_finished
INFO 2026-10-06 13:11:07,572 django.server request_id=- "GET /api/admin/booking-requests/13/ HTTP/1.1" 200 1459
INFO 2026-10-06 13:11:08,103 backend.requests request_id=3ab1d08746bc4838b882ad15237c3a5a request_finished
INFO 2026-10-06 13:11:08,104 django.server request_id=- "GET /api/room-available-rooms-range/?arrival_date=2028-01-10&departure_date=2028-01-13&prefix=Delta HTTP/1.1" 200 1806
INFO 2026-10-06 13:11:08,816 backend.requests request_id=7fcb9aeb18584b22961ed30676573296 request_finished
INFO 2026-10-06 13:11:08,829 django.server request_id=- "GET /api/room-available-rooms-range/?arrival_date=2028-01-10&departure_date=2028-01-13&prefix=Gamma HTTP/1.1" 200 1536
INFO 2026-10-06 13:11:08,832 backend.requests request_id=7fdad66148cd4807b6863eeff5b691c7 request_finished
INFO 2026-10-06 13:11:08,832 django.server request_id=- "GET /api/workflow-notification-counts/ HTTP/1.1" 200 4022
INFO 2026-10-06 13:11:08,854 backend.requests request_id=87e5cb96ffe04ac782c492b6b39ff10d request_finished
INFO 2026-10-06 13:11:08,854 django.server request_id=- "GET /api/room-available-rooms-range/?arrival_date=2028-01-10&departure_date=2028-01-13&prefix=Beta HTTP/1.1" 200 2916
INFO 2026-10-06 13:11:12,444 backend.requests request_id=6bd67a88a7944832b1b9896b4a1f57fa request_finished
INFO 2026-10-06 13:11:12,445 django.server request_id=- "DELETE /api/admin/booking-requests/13/delete/ HTTP/1.1" 200 1503
INFO 2026-10-06 13:11:12,735 backend.requests request_id=975bc93f885f437a80960cc3c2fc827a request_finished
INFO 2026-10-06 13:11:12,735 django.server request_id=- "GET /api/auth/me/ HTTP/1.1" 200 259
INFO 2026-10-06 13:11:12,938 backend.requests request_id=b664b6f694dd40ddad5c6265ceb00285 request_finished
INFO 2026-10-06 13:11:12,939 django.server request_id=- "GET /api/admin/booking-requests/ HTTP/1.1" 200 77
INFO 2026-10-06 13:11:12,966 backend.requests request_id=81e027c9b3414101855683a36e398ec4 request_finished
INFO 2026-10-06 13:11:12,967 django.server request_id=- "GET /api/workflow-notification-counts/ HTTP/1.1" 200 4022
INFO 2026-10-06 13:11:18,528 backend.requests request_id=ba112253d8fc439687299896cf9eb9a4 request_finished
INFO 2026-10-06 13:11:18,537 django.server request_id=- "POST /api/workflow-notifications/mark-read/ HTTP/1.1" 200 4019
INFO 2026-10-06 13:11:18,542 backend.requests request_id=ce74d1d99a05415ea65097131eeb1813 request_finished
INFO 2026-10-06 13:11:18,542 django.server request_id=- "POST /api/workflow-notifications/mark-read/ HTTP/1.1" 200 4043
INFO 2026-10-06 13:11:19,503 backend.requests request_id=caf1ff276480453d80d98b3cdf58443a request_finished
INFO 2026-10-06 13:11:19,516 django.server request_id=- "GET /api/superadmin/account-requests/ HTTP/1.1" 200 5922
INFO 2026-10-06 13:11:19,520 backend.requests request_id=80770538cdd148dea18150ed90f9ac18 request_finished
INFO 2026-10-06 13:11:19,520 django.server request_id=- "GET /api/workflow-notification-counts/ HTTP/1.1" 200 4046
INFO 2026-10-06 13:11:27,248 backend.requests request_id=7cbf02db8a3645fa8f738df4081485e3 request_finished
INFO 2026-10-06 13:11:27,248 django.server request_id=- "POST /api/superadmin/account-requests/34/reject/ HTTP/1.1" 200 483
INFO 2026-10-06 13:11:27,282 backend.requests request_id=2e52f47b1e7d4cea980fa3e9912ea28f request_finished
INFO 2026-10-06 13:11:27,282 django.server request_id=- "GET /api/superadmin/account-requests/ HTTP/1.1" 200 5931
INFO 2026-10-06 13:11:30,712 backend.requests request_id=fe5b0e63a3724fcb9e28d3ae595fd754 request_finished
INFO 2026-10-06 13:11:30,712 django.server request_id=- "DELETE /api/superadmin/account-requests/34/delete/ HTTP/1.1" 200 88
INFO 2026-10-06 13:11:30,771 backend.requests request_id=74c7bcf8964d4798b1187f5ae4b6fe08 request_finished
INFO 2026-10-06 13:11:30,771 django.server request_id=- "GET /api/superadmin/account-requests/ HTTP/1.1" 200 5514
INFO 2026-10-06 13:11:37,176 backend.requests request_id=21a9a6b2280a4408af74e1e887f58bfe request_finished
INFO 2026-10-06 13:11:37,176 django.server request_id=- "DELETE /api/superadmin/account-requests/33/delete/ HTTP/1.1" 200 88
INFO 2026-10-06 13:11:37,246 backend.requests request_id=b552583c8f104739906dad4b64c931a7 request_finished
INFO 2026-10-06 13:11:37,247 django.server request_id=- "GET /api/superadmin/account-requests/ HTTP/1.1" 200 5127
INFO 2026-10-06 13:11:40,043 backend.requests request_id=3a9b57fda2204973af35465ef2ccfa66 request_finished
INFO 2026-10-06 13:11:40,043 django.server request_id=- "DELETE /api/superadmin/account-requests/32/delete/ HTTP/1.1" 200 88
INFO 2026-10-06 13:11:40,096 backend.requests request_id=352523a6f88a4dca9371142b6833bbd0 request_finished
INFO 2026-10-06 13:11:40,096 django.server request_id=- "GET /api/superadmin/account-requests/ HTTP/1.1" 200 4719
INFO 2026-10-06 13:11:42,329 backend.requests request_id=c7381c0908b147fcb48ba2cb9f2e4a76 request_finished
INFO 2026-10-06 13:11:42,329 django.server request_id=- "DELETE /api/superadmin/account-requests/31/delete/ HTTP/1.1" 200 88
INFO 2026-10-06 13:11:42,370 backend.requests request_id=f7227b1420a14f26b060db445cdb42a0 request_finished
INFO 2026-10-06 13:11:42,371 django.server request_id=- "GET /api/superadmin/account-requests/ HTTP/1.1" 200 4331
INFO 2026-10-06 13:11:47,243 backend.requests request_id=417b9dec4f794d3591b4cccc5284f9c6 request_finished
INFO 2026-10-06 13:11:47,244 django.server request_id=- "DELETE /api/superadmin/account-requests/30/delete/ HTTP/1.1" 200 88
INFO 2026-10-06 13:11:47,292 backend.requests request_id=5f1b65ad460548d2a1f0095cd5c1d2c7 request_finished
INFO 2026-10-06 13:11:47,293 django.server request_id=- "GET /api/superadmin/account-requests/ HTTP/1.1" 200 3974
INFO 2026-10-06 13:11:49,524 backend.requests request_id=ed710a36a09a4ea9ad055fa85a6b886e request_finished
INFO 2026-10-06 13:11:49,535 django.server request_id=- "GET /api/workflow-notification-counts/ HTTP/1.1" 200 4046
INFO 2026-10-06 13:11:49,573 backend.requests request_id=f520f7efa3ba4b85811accec906c0098 request_finished
INFO 2026-10-06 13:11:49,574 django.server request_id=- "DELETE /api/superadmin/account-requests/29/delete/ HTTP/1.1" 200 88
INFO 2026-10-06 13:11:49,622 backend.requests request_id=b74e04bb6b3041b7b4c7226ee59de189 request_finished
INFO 2026-10-06 13:11:49,622 django.server request_id=- "GET /api/superadmin/account-requests/ HTTP/1.1" 200 3621
INFO 2026-10-06 13:11:51,699 backend.requests request_id=473bd21433574526b0008da05944eb54 request_finished
INFO 2026-10-06 13:11:51,699 django.server request_id=- "DELETE /api/superadmin/account-requests/28/delete/ HTTP/1.1" 200 88
INFO 2026-10-06 13:11:51,743 backend.requests request_id=2ea0289ce28a420ca6cbce38986ca7ad request_finished
INFO 2026-10-06 13:11:51,744 django.server request_id=- "GET /api/superadmin/account-requests/ HTTP/1.1" 200 3266
INFO 2026-10-06 13:11:53,496 backend.requests request_id=382e76a8cf5c4f74bcf34fc64ea5621a request_finished
INFO 2026-10-06 13:11:53,497 django.server request_id=- "DELETE /api/superadmin/account-requests/27/delete/ HTTP/1.1" 200 88
INFO 2026-10-06 13:11:53,524 backend.requests request_id=3b6ac3891ba64c37a4969749bfc39a8d request_finished
INFO 2026-10-06 13:11:53,525 django.server request_id=- "GET /api/superadmin/account-requests/ HTTP/1.1" 200 2909
INFO 2026-10-06 13:11:55,657 backend.requests request_id=88cfe6513c564331b703622bdc74463f request_finished
INFO 2026-10-06 13:11:55,657 django.server request_id=- "DELETE /api/superadmin/account-requests/26/delete/ HTTP/1.1" 200 88
INFO 2026-10-06 13:11:55,688 backend.requests request_id=2fee5e7dd72b4ff89c47c62d87733cd5 request_finished
INFO 2026-10-06 13:11:55,689 django.server request_id=- "GET /api/superadmin/account-requests/ HTTP/1.1" 200 2556
INFO 2026-10-06 13:12:12,810 backend.requests request_id=78136d2d939c4edda15aac9610e31708 request_finished
INFO 2026-10-06 13:12:12,810 django.server request_id=- "DELETE /api/superadmin/account-requests/25/delete/ HTTP/1.1" 200 88
INFO 2026-10-06 13:12:12,885 backend.requests request_id=fa3df1ad36c44a20b73c5f83aeb04799 request_finished
INFO 2026-10-06 13:12:12,886 django.server request_id=- "GET /api/superadmin/account-requests/ HTTP/1.1" 200 2201
INFO 2026-10-06 13:12:16,095 backend.requests request_id=f25e4845b2ea450d8652ec50358684a6 request_finished
INFO 2026-10-06 13:12:16,095 django.server request_id=- "DELETE /api/superadmin/account-requests/24/delete/ HTTP/1.1" 200 88
INFO 2026-10-06 13:12:16,128 backend.requests request_id=a8db01844bd2433abed4eeb4599d4528 request_finished
INFO 2026-10-06 13:12:16,129 django.server request_id=- "GET /api/superadmin/account-requests/ HTTP/1.1" 200 1844
INFO 2026-10-06 13:12:18,309 backend.requests request_id=a2934ed90b714abeba2f92572cc5c89b request_finished
INFO 2026-10-06 13:12:18,309 django.server request_id=- "DELETE /api/superadmin/account-requests/23/delete/ HTTP/1.1" 200 88
INFO 2026-10-06 13:12:18,344 backend.requests request_id=0d12599833604a31ba1dd59c4b31e270 request_finished
INFO 2026-10-06 13:12:18,345 django.server request_id=- "GET /api/superadmin/account-requests/ HTTP/1.1" 200 1491
INFO 2026-10-06 13:12:19,506 backend.requests request_id=13f5ba0001144952ae925b5c6573ea34 request_finished
INFO 2026-10-06 13:12:19,518 django.server request_id=- "GET /api/workflow-notification-counts/ HTTP/1.1" 200 4046
INFO 2026-10-06 13:12:20,864 backend.requests request_id=e2a7924eb3cd4bcb9b045cfaefb1a806 request_finished
INFO 2026-10-06 13:12:20,865 django.server request_id=- "DELETE /api/superadmin/account-requests/20/delete/ HTTP/1.1" 200 88
INFO 2026-10-06 13:12:20,907 backend.requests request_id=28d5746f16694da4951bbaa81c9b842b request_finished
INFO 2026-10-06 13:12:20,908 django.server request_id=- "GET /api/superadmin/account-requests/ HTTP/1.1" 200 1120
WARNING 2026-10-06 13:12:23,659 backend.exceptions request_id=236d0dbc32da4409b1019ee6e6eb8114 api_request_rejected
INFO 2026-10-06 13:12:23,670 backend.requests request_id=236d0dbc32da4409b1019ee6e6eb8114 request_finished
Unauthorized: /api/superadmin/account-requests/21/delete/
WARNING 2026-10-06 13:12:23,671 django.request request_id=- Unauthorized: /api/superadmin/account-requests/21/delete/
WARNING 2026-10-06 13:12:23,671 django.server request_id=- "DELETE /api/superadmin/account-requests/21/delete/ HTTP/1.1" 401 194
INFO 2026-10-06 13:12:23,693 backend.requests request_id=f2098b1620ee47328b84b74e31acce27 request_finished
INFO 2026-10-06 13:12:23,694 django.server request_id=- "POST /api/auth/token/refresh/ HTTP/1.1" 200 245
INFO 2026-10-06 13:12:23,729 backend.requests request_id=2b08d2d8115544d4be1addee7adffab7 request_finished
INFO 2026-10-06 13:12:23,729 django.server request_id=- "DELETE /api/superadmin/account-requests/21/delete/ HTTP/1.1" 200 88
INFO 2026-10-06 13:12:23,770 backend.requests request_id=80b5d64c20a147ec93069772f0385ec6 request_finished
INFO 2026-10-06 13:12:23,770 django.server request_id=- "GET /api/superadmin/account-requests/ HTTP/1.1" 200 768
INFO 2026-10-06 13:12:26,340 backend.requests request_id=70ac82338f2343e0a5682de3070d04fc request_finished
INFO 2026-10-06 13:12:26,340 django.server request_id=- "DELETE /api/superadmin/account-requests/19/delete/ HTTP/1.1" 200 88
INFO 2026-10-06 13:12:26,478 backend.requests request_id=d7c57dd37a134f8bac253a126f7106bf request_finished
INFO 2026-10-06 13:12:26,478 django.server request_id=- "GET /api/superadmin/account-requests/ HTTP/1.1" 200 419
INFO 2026-10-06 13:12:28,355 backend.requests request_id=19a9bf447aea4cfbb8dcb091b95f9744 request_finished
INFO 2026-10-06 13:12:28,355 django.server request_id=- "DELETE /api/superadmin/account-requests/15/delete/ HTTP/1.1" 200 88
INFO 2026-10-06 13:12:28,380 backend.requests request_id=79ff8920c9ca4def9831fb0de8717b07 request_finished
INFO 2026-10-06 13:12:28,381 django.server request_id=- "GET /api/superadmin/account-requests/ HTTP/1.1" 200 77
INFO 2026-10-06 13:12:29,265 backend.requests request_id=ce16323527c14dbdb14df02c038234ca request_finished
INFO 2026-10-06 13:12:29,266 django.server request_id=- "GET /api/superadmin/account-requests/ HTTP/1.1" 200 77
INFO 2026-10-06 13:12:30,005 backend.requests request_id=385dc1e9447440d088cfccdd4c3f3f06 request_finished
INFO 2026-10-06 13:12:30,018 django.server request_id=- "GET /api/superadmin/account-requests/ HTTP/1.1" 200 77
INFO 2026-10-06 13:12:49,526 backend.requests request_id=76f03ad6ae90414d8bff231359da7beb request_finished
INFO 2026-10-06 13:12:49,537 django.server request_id=- "GET /api/workflow-notification-counts/ HTTP/1.1" 200 4046
INFO 2026-10-06 13:13:07,560 backend.requests request_id=987dd14e1ba545c8bc4147e63aff7767 request_finished
INFO 2026-10-06 13:13:07,571 django.server request_id=- "GET /api/superadmin/account-requests/ HTTP/1.1" 200 77
INFO 2026-10-06 13:13:09,627 backend.requests request_id=da47270059c64768ad8b5ef70960ce00 request_finished
INFO 2026-10-06 13:13:09,639 django.server request_id=- "GET /api/auth/me/ HTTP/1.1" 200 259
INFO 2026-10-06 13:13:09,898 backend.requests request_id=17178011b03d41e09fbd285476be89c2 request_finished
INFO 2026-10-06 13:13:09,910 django.server request_id=- "GET /api/bookings/availability/?month=10&year=2026 HTTP/1.1" 200 10175
INFO 2026-10-06 13:13:09,995 backend.requests request_id=cfaf9dc342f145c1a84a03264ef5b832 request_finished
INFO 2026-10-06 13:13:09,996 django.server request_id=- "GET /api/workflow-notification-counts/ HTTP/1.1" 200 4046
INFO 2026-10-06 13:13:10,936 backend.requests request_id=d6f2a14b7dd94bb2bc36ce0a4b49f3d4 request_finished
INFO 2026-10-06 13:13:10,948 django.server request_id=- "GET /api/bookings/availability/?month=10&year=2026 HTTP/1.1" 200 10175
INFO 2026-10-06 13:13:13,266 backend.requests request_id=4ebaf48bfb544414bce463796ffda0ea request_finished
INFO 2026-10-06 13:13:13,277 django.server request_id=- "GET /api/room-available-rooms-range/?arrival_date=2026-10-01&departure_date=2026-10-09&prefix=Delta HTTP/1.1" 200 2022
INFO 2026-10-06 13:13:14,417 backend.requests request_id=35262c88102b4b429b49a7ec969e29b6 request_finished
INFO 2026-10-06 13:13:14,418 django.server request_id=- "GET /api/room-available-rooms-range/?arrival_date=2026-10-01&departure_date=2026-10-09&prefix=Delta HTTP/1.1" 200 2022
INFO 2026-10-06 13:13:14,974 backend.requests request_id=920b3dc59d114155a80d3cdcdd887618 request_finished
INFO 2026-10-06 13:13:14,986 django.server request_id=- "GET /api/room-available-rooms-range/?arrival_date=2026-10-01&departure_date=2026-10-09&prefix=Gamma HTTP/1.1" 200 1536
INFO 2026-10-06 13:13:14,988 backend.requests request_id=bd9d44f18551415f8d34204c154a453c request_finished
INFO 2026-10-06 13:13:14,988 django.server request_id=- "GET /api/workflow-notification-counts/ HTTP/1.1" 200 4046
INFO 2026-10-06 13:13:15,080 backend.requests request_id=97f709fe72014eddb98b289271a035ef request_finished
INFO 2026-10-06 13:13:15,081 django.server request_id=- "GET /api/room-available-rooms-range/?arrival_date=2026-10-01&departure_date=2026-10-09&prefix=Beta HTTP/1.1" 200 2916
INFO 2026-10-06 13:13:16,757 backend.requests request_id=26d0da5723f74a9b850125df2bc085d0 request_finished
INFO 2026-10-06 13:13:16,769 django.server request_id=- "GET /api/bookings/?page=1 HTTP/1.1" 200 1206
INFO 2026-10-06 13:13:16,828 backend.requests request_id=59f499e7b84b4732b804fd03fd37224a request_finished
INFO 2026-10-06 13:13:16,829 django.server request_id=- "GET /api/room-available-rooms-range/?arrival_date=2028-01-10&departure_date=2028-01-13&prefix=Delta HTTP/1.1" 200 1806
INFO 2026-10-06 13:13:16,873 backend.requests request_id=4957ef17b7ed4edc9c1c0ad1735c99c2 request_finished
INFO 2026-10-06 13:13:16,873 django.server request_id=- "GET /api/room-available-rooms-range/?arrival_date=2028-01-10&departure_date=2028-01-13&prefix=Gamma HTTP/1.1" 200 1536
INFO 2026-10-06 13:13:16,904 backend.requests request_id=b9bc2d4e6be8464b996616337c8438cd request_finished
INFO 2026-10-06 13:13:16,905 django.server request_id=- "GET /api/room-available-rooms-range/?arrival_date=2028-01-10&departure_date=2028-01-13&prefix=Beta HTTP/1.1" 200 2916
INFO 2026-10-06 13:13:19,534 backend.requests request_id=6c587cbfd3f74de595d00dc6ccc0d0e9 request_finished
INFO 2026-10-06 13:13:19,534 django.server request_id=- "GET /api/workflow-notification-counts/ HTTP/1.1" 200 4046
INFO 2026-10-06 13:13:25,849 backend.requests request_id=e8c71bedcae041a0851c06235917bb70 request_finished
INFO 2026-10-06 13:13:25,861 django.server request_id=- "GET /api/room-available-rooms-range/?arrival_date=2026-10-01&departure_date=2026-10-09&prefix=Delta HTTP/1.1" 200 2022
INFO 2026-10-06 13:13:26,069 backend.requests request_id=0422a2de52b54025b1b498daaec46b1f request_finished
INFO 2026-10-06 13:13:26,069 django.server request_id=- "GET /api/auth/me/ HTTP/1.1" 200 259
INFO 2026-10-06 13:13:26,435 backend.requests request_id=54450ce1d84d46cba9be6c415a9f6b37 request_finished
INFO 2026-10-06 13:13:26,447 backend.requests request_id=c562864f8b564378a3382fbd176d4937 request_finished
INFO 2026-10-06 13:13:26,447 django.server request_id=- "GET /api/room-available-rooms-range/?arrival_date=2026-10-01&departure_date=2026-10-09&prefix=Gamma HTTP/1.1" 200 1536
INFO 2026-10-06 13:13:26,447 django.server request_id=- "GET /api/workflow-notification-counts/ HTTP/1.1" 200 4046
INFO 2026-10-06 13:13:26,572 backend.requests request_id=4cf02a026a8f4cd78808859535671a39 request_finished
INFO 2026-10-06 13:13:26,572 django.server request_id=- "GET /api/room-available-rooms-range/?arrival_date=2026-10-01&departure_date=2026-10-09&prefix=Beta HTTP/1.1" 200 2916
INFO 2026-10-06 13:13:37,217 bookings.views request_id=3a66e78f12c340c1a60dfd60a4b81a48 booking_created
ERROR 2026-10-06 13:13:41,274 bookings.services.google_sheet_sync request_id=3a66e78f12c340c1a60dfd60a4b81a48 Failed to queue Google Sheet calendar sync task
Traceback (most recent call last):
  File "C:\Users\LENOVO\RoomBooking_backend\venv\Lib\site-packages\kombu\utils\functional.py", line 32, in __call__
    return self.__value__
           ^^^^^^^^^^^^^^
AttributeError: 'ChannelPromise' object has no attribute '__value__'. Did you mean: '__call__'?

During handling of the above exception, another exception occurred:

Traceback (most recent call last):
  File "C:\Users\LENOVO\RoomBooking_backend\venv\Lib\site-packages\kombu\transport\virtual\base.py", line 951, in create_channel
    return self._avail_channels.pop()
           ~~~~~~~~~~~~~~~~~~~~~~~~^^
IndexError: pop from empty list

During handling of the above exception, another exception occurred:

Traceback (most recent call last):
  File "C:\Users\LENOVO\RoomBooking_backend\venv\Lib\site-packages\redis\connection.py", line 855, in connect_check_health
    sock = self.retry.call_with_retry(
        lambda: self._connect(), lambda error: self.disconnect(error)
    )
  File "C:\Users\LENOVO\RoomBooking_backend\venv\Lib\site-packages\redis\retry.py", line 116, in call_with_retry
    return do()
  File "C:\Users\LENOVO\RoomBooking_backend\venv\Lib\site-packages\redis\connection.py", line 856, in <lambda>
    lambda: self._connect(), lambda error: self.disconnect(error)
            ~~~~~~~~~~~~~^^
  File "C:\Users\LENOVO\RoomBooking_backend\venv\Lib\site-packages\redis\connection.py", line 1306, in _connect
    raise err
  File "C:\Users\LENOVO\RoomBooking_backend\venv\Lib\site-packages\redis\connection.py", line 1290, in _connect
    sock.connect(socket_address)
    ~~~~~~~~~~~~^^^^^^^^^^^^^^^^
ConnectionRefusedError: [WinError 10061] No connection could be made because the target machine actively refused it

During handling of the above exception, another exception occurred:

Traceback (most recent call last):
  File "C:\Users\LENOVO\RoomBooking_backend\venv\Lib\site-packages\kombu\connection.py", line 474, in _reraise_as_library_errors
    yield
  File "C:\Users\LENOVO\RoomBooking_backend\venv\Lib\site-packages\kombu\connection.py", line 461, in _ensure_connection
    return retry_over_time(
        self._connection_factory, self.recoverable_connection_errors,
    ...<2 lines>...
        callback, timeout=timeout
    )
  File "C:\Users\LENOVO\RoomBooking_backend\venv\Lib\site-packages\kombu\utils\functional.py", line 318, in retry_over_time
    return fun(*args, **kwargs)
  File "C:\Users\LENOVO\RoomBooking_backend\venv\Lib\site-packages\kombu\connection.py", line 941, in _connection_factory
    self._connection = self._establish_connection()
                       ~~~~~~~~~~~~~~~~~~~~~~~~~~^^
  File "C:\Users\LENOVO\RoomBooking_backend\venv\Lib\site-packages\kombu\connection.py", line 863, in _establish_connection
    conn = self.transport.establish_connection()
  File "C:\Users\LENOVO\RoomBooking_backend\venv\Lib\site-packages\kombu\transport\virtual\base.py", line 975, in establish_connection
    self._avail_channels.append(self.create_channel(self))
                                ~~~~~~~~~~~~~~~~~~~^^^^^^
  File "C:\Users\LENOVO\RoomBooking_backend\venv\Lib\site-packages\kombu\transport\virtual\base.py", line 953, in create_channel
    channel = self.Channel(connection)
  File "C:\Users\LENOVO\RoomBooking_backend\venv\Lib\site-packages\kombu\transport\redis.py", line 757, in __init__
    self.client.ping()
    ~~~~~~~~~~~~~~~~^^
  File "C:\Users\LENOVO\RoomBooking_backend\venv\Lib\site-packages\redis\commands\core.py", line 1226, in ping
    return self.execute_command("PING", **kwargs)
           ~~~~~~~~~~~~~~~~~~~~^^^^^^^^^^^^^^^^^^
  File "C:\Users\LENOVO\RoomBooking_backend\venv\Lib\site-packages\redis\client.py", line 657, in execute_command
    return self._execute_command(*args, **options)
           ~~~~~~~~~~~~~~~~~~~~~^^^^^^^^^^^^^^^^^^
  File "C:\Users\LENOVO\RoomBooking_backend\venv\Lib\site-packages\redis\client.py", line 663, in _execute_command
    conn = self.connection or pool.get_connection()
                              ~~~~~~~~~~~~~~~~~~~^^
  File "C:\Users\LENOVO\RoomBooking_backend\venv\Lib\site-packages\redis\utils.py", line 196, in wrapper
    return func(*args, **kwargs)
  File "C:\Users\LENOVO\RoomBooking_backend\venv\Lib\site-packages\redis\connection.py", line 2603, in get_connection
    connection.connect()
    ~~~~~~~~~~~~~~~~~~^^
  File "C:\Users\LENOVO\RoomBooking_backend\venv\Lib\site-packages\redis\connection.py", line 846, in connect
    self.connect_check_health(check_health=True)
    ~~~~~~~~~~~~~~~~~~~~~~~~~^^^^^^^^^^^^^^^^^^^
  File "C:\Users\LENOVO\RoomBooking_backend\venv\Lib\site-packages\redis\connection.py", line 863, in connect_check_health
    raise ConnectionError(self._error_message(e))
redis.exceptions.ConnectionError: Error 10061 connecting to 127.0.0.1:6379. No connection could be made because the target machine actively refused it.

The above exception was the direct cause of the following exception:

Traceback (most recent call last):
  File "C:\Users\LENOVO\RoomBooking_backend\bookings\services\google_sheet_sync.py", line 496, in request_calendar_sync
    sync_google_sheet_calendar.delay()
    ~~~~~~~~~~~~~~~~~~~~~~~~~~~~~~~~^^
  File "C:\Users\LENOVO\RoomBooking_backend\venv\Lib\site-packages\celery\app\task.py", line 444, in delay
    return self.apply_async(args, kwargs)
           ~~~~~~~~~~~~~~~~^^^^^^^^^^^^^^
  File "C:\Users\LENOVO\RoomBooking_backend\venv\Lib\site-packages\celery\app\task.py", line 608, in apply_async
    return app.send_task(
           ~~~~~~~~~~~~~^
        self.name, args, kwargs, task_id=task_id, producer=producer,
        ^^^^^^^^^^^^^^^^^^^^^^^^^^^^^^^^^^^^^^^^^^^^^^^^^^^^^^^^^^^^
    ...<2 lines>...
        **options
        ^^^^^^^^^
    )
    ^
  File "C:\Users\LENOVO\RoomBooking_backend\venv\Lib\site-packages\celery\app\base.py", line 947, in send_task
    amqp.send_task_message(P, name, message, **options)
    ~~~~~~~~~~~~~~~~~~~~~~^^^^^^^^^^^^^^^^^^^^^^^^^^^^^
  File "C:\Users\LENOVO\RoomBooking_backend\venv\Lib\site-packages\celery\app\amqp.py", line 559, in send_task_message
    ret = producer.publish(
        body,
    ...<8 lines>...
        **properties
    )
  File "C:\Users\LENOVO\RoomBooking_backend\venv\Lib\site-packages\kombu\messaging.py", line 190, in publish
    return _publish(
        body, priority, content_type, content_encoding,
        headers, properties, routing_key, mandatory, immediate,
        exchange_name, declare, timeout, confirm_timeout, retry, retry_policy
    )
  File "C:\Users\LENOVO\RoomBooking_backend\venv\Lib\site-packages\kombu\connection.py", line 558, in _ensured
    return fun(*args, **kwargs)
  File "C:\Users\LENOVO\RoomBooking_backend\venv\Lib\site-packages\kombu\messaging.py", line 200, in _publish
    channel = self.channel
              ^^^^^^^^^^^^
  File "C:\Users\LENOVO\RoomBooking_backend\venv\Lib\site-packages\kombu\messaging.py", line 224, in _get_channel
    channel = self._channel = channel()
                              ~~~~~~~^^
  File "C:\Users\LENOVO\RoomBooking_backend\venv\Lib\site-packages\kombu\utils\functional.py", line 34, in __call__
    value = self.__value__ = self.__contract__()
                             ~~~~~~~~~~~~~~~~~^^
  File "C:\Users\LENOVO\RoomBooking_backend\venv\Lib\site-packages\kombu\messaging.py", line 240, in <lambda>
    channel = ChannelPromise(lambda: connection.default_channel)
                                     ^^^^^^^^^^^^^^^^^^^^^^^^^^
  File "C:\Users\LENOVO\RoomBooking_backend\venv\Lib\site-packages\kombu\connection.py", line 960, in default_channel
    self._ensure_connection(**conn_opts)
    ~~~~~~~~~~~~~~~~~~~~~~~^^^^^^^^^^^^^
  File "C:\Users\LENOVO\RoomBooking_backend\venv\Lib\site-packages\kombu\connection.py", line 460, in _ensure_connection
    with ctx():
         ~~~^^
  File "C:\Users\LENOVO\AppData\Local\Programs\Python\Python313\Lib\contextlib.py", line 162, in __exit__
    self.gen.throw(value)
    ~~~~~~~~~~~~~~^^^^^^^
  File "C:\Users\LENOVO\RoomBooking_backend\venv\Lib\site-packages\kombu\connection.py", line 478, in _reraise_as_library_errors
    raise ConnectionError(str(exc)) from exc
kombu.exceptions.OperationalError: Error 10061 connecting to 127.0.0.1:6379. No connection could be made because the target machine actively refused it.
INFO 2026-10-06 13:13:41,280 backend.requests request_id=3a66e78f12c340c1a60dfd60a4b81a48 request_finished
INFO 2026-10-06 13:13:41,280 django.server request_id=- "POST /api/bookings/create/ HTTP/1.1" 201 272
INFO 2026-10-06 13:13:41,392 backend.requests request_id=8fea08e6df76458da57bc6211838cc39 request_finished
INFO 2026-10-06 13:13:41,393 django.server request_id=- "GET /api/bookings/availability/?month=10&year=2026 HTTP/1.1" 200 10174
INFO 2026-10-06 13:13:41,584 backend.requests request_id=f9d8fbc936f145fdbf7aacc837025a7f request_finished
INFO 2026-10-06 13:13:41,585 django.server request_id=- "GET /api/auth/me/ HTTP/1.1" 200 259
INFO 2026-10-06 13:13:41,893 backend.requests request_id=5bf5bcfdf15347df937824d8c8e4fa2c request_finished
INFO 2026-10-06 13:13:41,896 django.server request_id=- "GET /api/room-available-rooms-range/?arrival_date=2026-10-01&departure_date=2026-10-09&prefix=Delta HTTP/1.1" 200 1806
INFO 2026-10-06 13:13:41,904 backend.requests request_id=e56f27f40f5b470a9256ceb5aeb1aa4a request_finished
INFO 2026-10-06 13:13:41,905 django.server request_id=- "GET /api/workflow-notification-counts/ HTTP/1.1" 200 4046
INFO 2026-10-06 13:13:44,335 backend.requests request_id=daaa91d094fd412b8db2a56b47fddb52 request_finished
INFO 2026-10-06 13:13:44,336 django.server request_id=- "GET /api/bookings/availability/?month=10&year=2026 HTTP/1.1" 200 10174
INFO 2026-10-06 13:13:50,541 backend.requests request_id=c07db04d5755421598b0de737b173845 request_finished
INFO 2026-10-06 13:13:50,553 django.server request_id=- "GET /api/bookings/availability/?month=10&year=2026 HTTP/1.1" 200 10174
INFO 2026-10-06 13:13:53,540 backend.requests request_id=5b77bb414df041208bfb7c82d4496d24 request_finished
INFO 2026-10-06 13:13:53,552 django.server request_id=- "GET /api/bookings/availability/?month=10&year=2026 HTTP/1.1" 200 10174
INFO 2026-10-06 13:14:10,988 backend.requests request_id=1a4d94a54b14412ebb1a263e4e698b20 request_finished
INFO 2026-10-06 13:14:10,999 django.server request_id=- "GET /api/room-available-rooms-range/?arrival_date=2026-10-08&departure_date=2026-10-10&prefix=Delta HTTP/1.1" 200 1806
INFO 2026-10-06 13:14:11,912 backend.requests request_id=ff05e0f1522d44a2b27881915e030446 request_finished
INFO 2026-10-06 13:14:11,923 django.server request_id=- "GET /api/workflow-notification-counts/ HTTP/1.1" 200 4046
INFO 2026-10-06 13:14:19,721 backend.requests request_id=a5f1f325dff64dce9d755c4112830c12 request_finished
INFO 2026-10-06 13:14:19,733 django.server request_id=- "GET /api/room-available-rooms-range/?arrival_date=2026-10-09&departure_date=2026-10-16&prefix=Delta HTTP/1.1" 200 2034
INFO 2026-10-06 13:14:26,077 backend.requests request_id=5d09ecef975e4842b6cc84767df6ab53 request_finished
INFO 2026-10-06 13:14:26,077 django.server request_id=- "GET /api/room-available-rooms-range/?arrival_date=2026-10-09&departure_date=2026-10-16&prefix=Delta HTTP/1.1" 200 2034
INFO 2026-10-06 13:14:26,284 backend.requests request_id=6309cf4866534a5092b95adf2cccd2a5 request_finished
INFO 2026-10-06 13:14:26,284 django.server request_id=- "GET /api/auth/me/ HTTP/1.1" 200 259
INFO 2026-10-06 13:14:26,565 backend.requests request_id=203c2a1d65fd4440a34da96c12f9fd6a request_finished
INFO 2026-10-06 13:14:26,574 backend.requests request_id=42c1424cc8d64f8cb9a29ebc93f7091b request_finished
INFO 2026-10-06 13:14:26,576 django.server request_id=- "GET /api/room-available-rooms-range/?arrival_date=2026-10-09&departure_date=2026-10-16&prefix=Gamma HTTP/1.1" 200 1536
INFO 2026-10-06 13:14:26,577 django.server request_id=- "GET /api/workflow-notification-counts/ HTTP/1.1" 200 4046
INFO 2026-10-06 13:14:26,693 backend.requests request_id=9f88e9621a3949eb8d727a78d8d86dbe request_finished
INFO 2026-10-06 13:14:26,693 django.server request_id=- "GET /api/room-available-rooms-range/?arrival_date=2026-10-09&departure_date=2026-10-16&prefix=Beta HTTP/1.1" 200 2916
INFO 2026-10-06 13:14:32,180 backend.requests request_id=bab3ba319b67492389726731e17df684 request_finished
INFO 2026-10-06 13:14:32,181 django.server request_id=- "GET /api/bookings/availability/?month=10&year=2026 HTTP/1.1" 200 10174
INFO 2026-10-06 13:14:32,190 backend.requests request_id=45e60dc4a02e415ca045e42ea3cce522 request_finished
INFO 2026-10-06 13:14:32,190 django.server request_id=- "GET /api/workflow-notification-counts/ HTTP/1.1" 200 4046
INFO 2026-10-06 13:14:48,640 backend.requests request_id=ae0e9e46ac37405b989a954e94e9ae6c request_finished
INFO 2026-10-06 13:14:48,652 django.server request_id=- "GET /api/bookings/?page=1&status=active HTTP/1.1" 200 2212
INFO 2026-10-06 13:14:48,940 backend.requests request_id=d2c618d6923f4fe6b7c5a53c348adae6 request_finished
INFO 2026-10-06 13:14:48,951 django.server request_id=- "GET /api/auth/me/ HTTP/1.1" 200 259
INFO 2026-10-06 13:14:49,282 backend.requests request_id=dcf441120ff0484699b93a4d835e67cf request_finished
INFO 2026-10-06 13:14:49,283 django.server request_id=- "GET /api/workflow-notification-counts/ HTTP/1.1" 200 4046
INFO 2026-10-06 13:14:51,060 backend.requests request_id=2ea585a038064ef9b8fb3b1396d851bb request_finished
INFO 2026-10-06 13:14:51,069 backend.requests request_id=51c54b72dc2040c6b7c197bb07b24f07 request_finished
INFO 2026-10-06 13:14:51,072 django.server request_id=- "GET /api/bookings/46/ HTTP/1.1" 200 1088
INFO 2026-10-06 13:14:51,072 django.server request_id=- "GET /api/workflow-notification-counts/ HTTP/1.1" 200 4046
INFO 2026-10-06 13:14:52,262 backend.requests request_id=e05d5af4cbe941d993623c052b47c59e request_finished
INFO 2026-10-06 13:14:52,263 django.server request_id=- "GET /api/workflow-notification-counts/ HTTP/1.1" 200 4046
INFO 2026-10-06 13:14:54,923 bookings.views request_id=decc5f8734f14f0380dab88207856963 booking_deleted
INFO 2026-10-06 13:14:54,938 bookings.signals request_id=decc5f8734f14f0380dab88207856963 booking_delete_signal booking_id=45 visitor_name=PRESELECT TEST
INFO 2026-10-06 13:14:58,434 backend.requests request_id=15f1e91b0b8648b388824e0f626e523f request_finished
INFO 2026-10-06 13:14:58,436 django.server request_id=- "GET /api/workflow-notification-counts/ HTTP/1.1" 200 4046
INFO 2026-10-06 13:14:58,534 backend.requests request_id=8c91d65019f2459499b42b568c5a3a86 request_finished
INFO 2026-10-06 13:14:58,535 django.server request_id=- "GET /api/bookings/46/ HTTP/1.1" 200 1088
ERROR 2026-10-06 13:14:59,039 bookings.services.google_sheet_sync request_id=decc5f8734f14f0380dab88207856963 Failed to queue Google Sheet calendar sync task
Traceback (most recent call last):
  File "C:\Users\LENOVO\RoomBooking_backend\venv\Lib\site-packages\kombu\utils\functional.py", line 32, in __call__
    return self.__value__
           ^^^^^^^^^^^^^^
AttributeError: 'ChannelPromise' object has no attribute '__value__'. Did you mean: '__call__'?

During handling of the above exception, another exception occurred:

Traceback (most recent call last):
  File "C:\Users\LENOVO\RoomBooking_backend\venv\Lib\site-packages\kombu\transport\virtual\base.py", line 951, in create_channel
    return self._avail_channels.pop()
           ~~~~~~~~~~~~~~~~~~~~~~~~^^
IndexError: pop from empty list

During handling of the above exception, another exception occurred:

Traceback (most recent call last):
  File "C:\Users\LENOVO\RoomBooking_backend\venv\Lib\site-packages\redis\connection.py", line 855, in connect_check_health
    sock = self.retry.call_with_retry(
        lambda: self._connect(), lambda error: self.disconnect(error)
    )
  File "C:\Users\LENOVO\RoomBooking_backend\venv\Lib\site-packages\redis\retry.py", line 116, in call_with_retry
    return do()
  File "C:\Users\LENOVO\RoomBooking_backend\venv\Lib\site-packages\redis\connection.py", line 856, in <lambda>
    lambda: self._connect(), lambda error: self.disconnect(error)
            ~~~~~~~~~~~~~^^
  File "C:\Users\LENOVO\RoomBooking_backend\venv\Lib\site-packages\redis\connection.py", line 1306, in _connect
    raise err
  File "C:\Users\LENOVO\RoomBooking_backend\venv\Lib\site-packages\redis\connection.py", line 1290, in _connect
    sock.connect(socket_address)
    ~~~~~~~~~~~~^^^^^^^^^^^^^^^^
ConnectionRefusedError: [WinError 10061] No connection could be made because the target machine actively refused it

During handling of the above exception, another exception occurred:

Traceback (most recent call last):
  File "C:\Users\LENOVO\RoomBooking_backend\venv\Lib\site-packages\kombu\connection.py", line 474, in _reraise_as_library_errors
    yield
  File "C:\Users\LENOVO\RoomBooking_backend\venv\Lib\site-packages\kombu\connection.py", line 461, in _ensure_connection
    return retry_over_time(
        self._connection_factory, self.recoverable_connection_errors,
    ...<2 lines>...
        callback, timeout=timeout
    )
  File "C:\Users\LENOVO\RoomBooking_backend\venv\Lib\site-packages\kombu\utils\functional.py", line 318, in retry_over_time
    return fun(*args, **kwargs)
  File "C:\Users\LENOVO\RoomBooking_backend\venv\Lib\site-packages\kombu\connection.py", line 941, in _connection_factory
    self._connection = self._establish_connection()
                       ~~~~~~~~~~~~~~~~~~~~~~~~~~^^
  File "C:\Users\LENOVO\RoomBooking_backend\venv\Lib\site-packages\kombu\connection.py", line 863, in _establish_connection
    conn = self.transport.establish_connection()
  File "C:\Users\LENOVO\RoomBooking_backend\venv\Lib\site-packages\kombu\transport\virtual\base.py", line 975, in establish_connection
    self._avail_channels.append(self.create_channel(self))
                                ~~~~~~~~~~~~~~~~~~~^^^^^^
  File "C:\Users\LENOVO\RoomBooking_backend\venv\Lib\site-packages\kombu\transport\virtual\base.py", line 953, in create_channel
    channel = self.Channel(connection)
  File "C:\Users\LENOVO\RoomBooking_backend\venv\Lib\site-packages\kombu\transport\redis.py", line 757, in __init__
    self.client.ping()
    ~~~~~~~~~~~~~~~~^^
  File "C:\Users\LENOVO\RoomBooking_backend\venv\Lib\site-packages\redis\commands\core.py", line 1226, in ping
    return self.execute_command("PING", **kwargs)
           ~~~~~~~~~~~~~~~~~~~~^^^^^^^^^^^^^^^^^^
  File "C:\Users\LENOVO\RoomBooking_backend\venv\Lib\site-packages\redis\client.py", line 657, in execute_command
    return self._execute_command(*args, **options)
           ~~~~~~~~~~~~~~~~~~~~~^^^^^^^^^^^^^^^^^^
  File "C:\Users\LENOVO\RoomBooking_backend\venv\Lib\site-packages\redis\client.py", line 663, in _execute_command
    conn = self.connection or pool.get_connection()
                              ~~~~~~~~~~~~~~~~~~~^^
  File "C:\Users\LENOVO\RoomBooking_backend\venv\Lib\site-packages\redis\utils.py", line 196, in wrapper
    return func(*args, **kwargs)
  File "C:\Users\LENOVO\RoomBooking_backend\venv\Lib\site-packages\redis\connection.py", line 2603, in get_connection
    connection.connect()
    ~~~~~~~~~~~~~~~~~~^^
  File "C:\Users\LENOVO\RoomBooking_backend\venv\Lib\site-packages\redis\connection.py", line 846, in connect
    self.connect_check_health(check_health=True)
    ~~~~~~~~~~~~~~~~~~~~~~~~~^^^^^^^^^^^^^^^^^^^
  File "C:\Users\LENOVO\RoomBooking_backend\venv\Lib\site-packages\redis\connection.py", line 863, in connect_check_health
    raise ConnectionError(self._error_message(e))
redis.exceptions.ConnectionError: Error 10061 connecting to 127.0.0.1:6379. No connection could be made because the target machine actively refused it.

The above exception was the direct cause of the following exception:

Traceback (most recent call last):
  File "C:\Users\LENOVO\RoomBooking_backend\bookings\services\google_sheet_sync.py", line 496, in request_calendar_sync
    sync_google_sheet_calendar.delay()
    ~~~~~~~~~~~~~~~~~~~~~~~~~~~~~~~~^^
  File "C:\Users\LENOVO\RoomBooking_backend\venv\Lib\site-packages\celery\app\task.py", line 444, in delay
    return self.apply_async(args, kwargs)
           ~~~~~~~~~~~~~~~~^^^^^^^^^^^^^^
  File "C:\Users\LENOVO\RoomBooking_backend\venv\Lib\site-packages\celery\app\task.py", line 608, in apply_async
    return app.send_task(
           ~~~~~~~~~~~~~^
        self.name, args, kwargs, task_id=task_id, producer=producer,
        ^^^^^^^^^^^^^^^^^^^^^^^^^^^^^^^^^^^^^^^^^^^^^^^^^^^^^^^^^^^^
    ...<2 lines>...
        **options
        ^^^^^^^^^
    )
    ^
  File "C:\Users\LENOVO\RoomBooking_backend\venv\Lib\site-packages\celery\app\base.py", line 947, in send_task
    amqp.send_task_message(P, name, message, **options)
    ~~~~~~~~~~~~~~~~~~~~~~^^^^^^^^^^^^^^^^^^^^^^^^^^^^^
  File "C:\Users\LENOVO\RoomBooking_backend\venv\Lib\site-packages\celery\app\amqp.py", line 559, in send_task_message
    ret = producer.publish(
        body,
    ...<8 lines>...
        **properties
    )
  File "C:\Users\LENOVO\RoomBooking_backend\venv\Lib\site-packages\kombu\messaging.py", line 190, in publish
    return _publish(
        body, priority, content_type, content_encoding,
        headers, properties, routing_key, mandatory, immediate,
        exchange_name, declare, timeout, confirm_timeout, retry, retry_policy
    )
  File "C:\Users\LENOVO\RoomBooking_backend\venv\Lib\site-packages\kombu\connection.py", line 558, in _ensured
    return fun(*args, **kwargs)
  File "C:\Users\LENOVO\RoomBooking_backend\venv\Lib\site-packages\kombu\messaging.py", line 200, in _publish
    channel = self.channel
              ^^^^^^^^^^^^
  File "C:\Users\LENOVO\RoomBooking_backend\venv\Lib\site-packages\kombu\messaging.py", line 224, in _get_channel
    channel = self._channel = channel()
                              ~~~~~~~^^
  File "C:\Users\LENOVO\RoomBooking_backend\venv\Lib\site-packages\kombu\utils\functional.py", line 34, in __call__
    value = self.__value__ = self.__contract__()
                             ~~~~~~~~~~~~~~~~~^^
  File "C:\Users\LENOVO\RoomBooking_backend\venv\Lib\site-packages\kombu\messaging.py", line 240, in <lambda>
    channel = ChannelPromise(lambda: connection.default_channel)
                                     ^^^^^^^^^^^^^^^^^^^^^^^^^^
  File "C:\Users\LENOVO\RoomBooking_backend\venv\Lib\site-packages\kombu\connection.py", line 960, in default_channel
    self._ensure_connection(**conn_opts)
    ~~~~~~~~~~~~~~~~~~~~~~~^^^^^^^^^^^^^
  File "C:\Users\LENOVO\RoomBooking_backend\venv\Lib\site-packages\kombu\connection.py", line 460, in _ensure_connection
    with ctx():
         ~~~^^
  File "C:\Users\LENOVO\AppData\Local\Programs\Python\Python313\Lib\contextlib.py", line 162, in __exit__
    self.gen.throw(value)
    ~~~~~~~~~~~~~~^^^^^^^
  File "C:\Users\LENOVO\RoomBooking_backend\venv\Lib\site-packages\kombu\connection.py", line 478, in _reraise_as_library_errors
    raise ConnectionError(str(exc)) from exc
kombu.exceptions.OperationalError: Error 10061 connecting to 127.0.0.1:6379. No connection could be made because the target machine actively refused it.
INFO 2026-10-06 13:14:59,050 backend.requests request_id=decc5f8734f14f0380dab88207856963 request_finished
INFO 2026-10-06 13:14:59,051 django.server request_id=- "DELETE /api/bookings/45/delete/ HTTP/1.1" 200 82
INFO 2026-10-06 13:14:59,080 backend.requests request_id=a0d51aac14964968904c2b561f2984c5 request_finished
INFO 2026-10-06 13:14:59,081 django.server request_id=- "GET /api/bookings/?page=1&status=active HTTP/1.1" 200 1112
INFO 2026-10-06 13:15:00,798 backend.requests request_id=9367210ddaee4e89a2b73f74f0d4da5f request_finished
INFO 2026-10-06 13:15:00,810 django.server request_id=- "GET /api/auth/me/ HTTP/1.1" 200 259
INFO 2026-10-06 13:15:01,254 backend.requests request_id=612aa28766ac4384be2cca98060ebac4 request_finished
INFO 2026-10-06 13:15:01,265 backend.requests request_id=dfc75dfbe183473f9a80f930b45fea10 request_finished
INFO 2026-10-06 13:15:01,266 django.server request_id=- "GET /api/rooms/?page=1&page_size=100 HTTP/1.1" 200 5416
INFO 2026-10-06 13:15:01,266 django.server request_id=- "GET /api/workflow-notification-counts/ HTTP/1.1" 200 4046
INFO 2026-10-06 13:15:06,912 bookings.views request_id=198a8304d95f47338f9ff0f345a2d306 booking_updated
ERROR 2026-10-06 13:15:11,009 bookings.services.google_sheet_sync request_id=198a8304d95f47338f9ff0f345a2d306 Failed to queue Google Sheet calendar sync task
Traceback (most recent call last):
  File "C:\Users\LENOVO\RoomBooking_backend\venv\Lib\site-packages\kombu\utils\functional.py", line 32, in __call__
    return self.__value__
           ^^^^^^^^^^^^^^
AttributeError: 'ChannelPromise' object has no attribute '__value__'. Did you mean: '__call__'?

During handling of the above exception, another exception occurred:

Traceback (most recent call last):
  File "C:\Users\LENOVO\RoomBooking_backend\venv\Lib\site-packages\kombu\transport\virtual\base.py", line 951, in create_channel
    return self._avail_channels.pop()
           ~~~~~~~~~~~~~~~~~~~~~~~~^^
IndexError: pop from empty list

During handling of the above exception, another exception occurred:

Traceback (most recent call last):
  File "C:\Users\LENOVO\RoomBooking_backend\venv\Lib\site-packages\redis\connection.py", line 855, in connect_check_health
    sock = self.retry.call_with_retry(
        lambda: self._connect(), lambda error: self.disconnect(error)
    )
  File "C:\Users\LENOVO\RoomBooking_backend\venv\Lib\site-packages\redis\retry.py", line 116, in call_with_retry
    return do()
  File "C:\Users\LENOVO\RoomBooking_backend\venv\Lib\site-packages\redis\connection.py", line 856, in <lambda>
    lambda: self._connect(), lambda error: self.disconnect(error)
            ~~~~~~~~~~~~~^^
  File "C:\Users\LENOVO\RoomBooking_backend\venv\Lib\site-packages\redis\connection.py", line 1306, in _connect
    raise err
  File "C:\Users\LENOVO\RoomBooking_backend\venv\Lib\site-packages\redis\connection.py", line 1290, in _connect
    sock.connect(socket_address)
    ~~~~~~~~~~~~^^^^^^^^^^^^^^^^
ConnectionRefusedError: [WinError 10061] No connection could be made because the target machine actively refused it

During handling of the above exception, another exception occurred:

Traceback (most recent call last):
  File "C:\Users\LENOVO\RoomBooking_backend\venv\Lib\site-packages\kombu\connection.py", line 474, in _reraise_as_library_errors
    yield
  File "C:\Users\LENOVO\RoomBooking_backend\venv\Lib\site-packages\kombu\connection.py", line 461, in _ensure_connection
    return retry_over_time(
        self._connection_factory, self.recoverable_connection_errors,
    ...<2 lines>...
        callback, timeout=timeout
    )
  File "C:\Users\LENOVO\RoomBooking_backend\venv\Lib\site-packages\kombu\utils\functional.py", line 318, in retry_over_time
    return fun(*args, **kwargs)
  File "C:\Users\LENOVO\RoomBooking_backend\venv\Lib\site-packages\kombu\connection.py", line 941, in _connection_factory
    self._connection = self._establish_connection()
                       ~~~~~~~~~~~~~~~~~~~~~~~~~~^^
  File "C:\Users\LENOVO\RoomBooking_backend\venv\Lib\site-packages\kombu\connection.py", line 863, in _establish_connection
    conn = self.transport.establish_connection()
  File "C:\Users\LENOVO\RoomBooking_backend\venv\Lib\site-packages\kombu\transport\virtual\base.py", line 975, in establish_connection
    self._avail_channels.append(self.create_channel(self))
                                ~~~~~~~~~~~~~~~~~~~^^^^^^
  File "C:\Users\LENOVO\RoomBooking_backend\venv\Lib\site-packages\kombu\transport\virtual\base.py", line 953, in create_channel
    channel = self.Channel(connection)
  File "C:\Users\LENOVO\RoomBooking_backend\venv\Lib\site-packages\kombu\transport\redis.py", line 757, in __init__
    self.client.ping()
    ~~~~~~~~~~~~~~~~^^
  File "C:\Users\LENOVO\RoomBooking_backend\venv\Lib\site-packages\redis\commands\core.py", line 1226, in ping
    return self.execute_command("PING", **kwargs)
           ~~~~~~~~~~~~~~~~~~~~^^^^^^^^^^^^^^^^^^
  File "C:\Users\LENOVO\RoomBooking_backend\venv\Lib\site-packages\redis\client.py", line 657, in execute_command
    return self._execute_command(*args, **options)
           ~~~~~~~~~~~~~~~~~~~~~^^^^^^^^^^^^^^^^^^
  File "C:\Users\LENOVO\RoomBooking_backend\venv\Lib\site-packages\redis\client.py", line 663, in _execute_command
    conn = self.connection or pool.get_connection()
                              ~~~~~~~~~~~~~~~~~~~^^
  File "C:\Users\LENOVO\RoomBooking_backend\venv\Lib\site-packages\redis\utils.py", line 196, in wrapper
    return func(*args, **kwargs)
  File "C:\Users\LENOVO\RoomBooking_backend\venv\Lib\site-packages\redis\connection.py", line 2603, in get_connection
    connection.connect()
    ~~~~~~~~~~~~~~~~~~^^
  File "C:\Users\LENOVO\RoomBooking_backend\venv\Lib\site-packages\redis\connection.py", line 846, in connect
    self.connect_check_health(check_health=True)
    ~~~~~~~~~~~~~~~~~~~~~~~~~^^^^^^^^^^^^^^^^^^^
  File "C:\Users\LENOVO\RoomBooking_backend\venv\Lib\site-packages\redis\connection.py", line 863, in connect_check_health
    raise ConnectionError(self._error_message(e))
redis.exceptions.ConnectionError: Error 10061 connecting to 127.0.0.1:6379. No connection could be made because the target machine actively refused it.

The above exception was the direct cause of the following exception:

Traceback (most recent call last):
  File "C:\Users\LENOVO\RoomBooking_backend\bookings\services\google_sheet_sync.py", line 496, in request_calendar_sync
    sync_google_sheet_calendar.delay()
    ~~~~~~~~~~~~~~~~~~~~~~~~~~~~~~~~^^
  File "C:\Users\LENOVO\RoomBooking_backend\venv\Lib\site-packages\celery\app\task.py", line 444, in delay
    return self.apply_async(args, kwargs)
           ~~~~~~~~~~~~~~~~^^^^^^^^^^^^^^
  File "C:\Users\LENOVO\RoomBooking_backend\venv\Lib\site-packages\celery\app\task.py", line 608, in apply_async
    return app.send_task(
           ~~~~~~~~~~~~~^
        self.name, args, kwargs, task_id=task_id, producer=producer,
        ^^^^^^^^^^^^^^^^^^^^^^^^^^^^^^^^^^^^^^^^^^^^^^^^^^^^^^^^^^^^
    ...<2 lines>...
        **options
        ^^^^^^^^^
    )
    ^
  File "C:\Users\LENOVO\RoomBooking_backend\venv\Lib\site-packages\celery\app\base.py", line 947, in send_task
    amqp.send_task_message(P, name, message, **options)
    ~~~~~~~~~~~~~~~~~~~~~~^^^^^^^^^^^^^^^^^^^^^^^^^^^^^
  File "C:\Users\LENOVO\RoomBooking_backend\venv\Lib\site-packages\celery\app\amqp.py", line 559, in send_task_message
    ret = producer.publish(
        body,
    ...<8 lines>...
        **properties
    )
  File "C:\Users\LENOVO\RoomBooking_backend\venv\Lib\site-packages\kombu\messaging.py", line 190, in publish
    return _publish(
        body, priority, content_type, content_encoding,
        headers, properties, routing_key, mandatory, immediate,
        exchange_name, declare, timeout, confirm_timeout, retry, retry_policy
    )
  File "C:\Users\LENOVO\RoomBooking_backend\venv\Lib\site-packages\kombu\connection.py", line 558, in _ensured
    return fun(*args, **kwargs)
  File "C:\Users\LENOVO\RoomBooking_backend\venv\Lib\site-packages\kombu\messaging.py", line 200, in _publish
    channel = self.channel
              ^^^^^^^^^^^^
  File "C:\Users\LENOVO\RoomBooking_backend\venv\Lib\site-packages\kombu\messaging.py", line 224, in _get_channel
    channel = self._channel = channel()
                              ~~~~~~~^^
  File "C:\Users\LENOVO\RoomBooking_backend\venv\Lib\site-packages\kombu\utils\functional.py", line 34, in __call__
    value = self.__value__ = self.__contract__()
                             ~~~~~~~~~~~~~~~~~^^
  File "C:\Users\LENOVO\RoomBooking_backend\venv\Lib\site-packages\kombu\messaging.py", line 240, in <lambda>
    channel = ChannelPromise(lambda: connection.default_channel)
                                     ^^^^^^^^^^^^^^^^^^^^^^^^^^
  File "C:\Users\LENOVO\RoomBooking_backend\venv\Lib\site-packages\kombu\connection.py", line 960, in default_channel
    self._ensure_connection(**conn_opts)
    ~~~~~~~~~~~~~~~~~~~~~~~^^^^^^^^^^^^^
  File "C:\Users\LENOVO\RoomBooking_backend\venv\Lib\site-packages\kombu\connection.py", line 460, in _ensure_connection
    with ctx():
         ~~~^^
  File "C:\Users\LENOVO\AppData\Local\Programs\Python\Python313\Lib\contextlib.py", line 162, in __exit__
    self.gen.throw(value)
    ~~~~~~~~~~~~~~^^^^^^^
  File "C:\Users\LENOVO\RoomBooking_backend\venv\Lib\site-packages\kombu\connection.py", line 478, in _reraise_as_library_errors
    raise ConnectionError(str(exc)) from exc
kombu.exceptions.OperationalError: Error 10061 connecting to 127.0.0.1:6379. No connection could be made because the target machine actively refused it.
INFO 2026-10-06 13:15:11,014 backend.requests request_id=198a8304d95f47338f9ff0f345a2d306 request_finished
INFO 2026-10-06 13:15:11,014 django.server request_id=- "PATCH /api/bookings/46/edit/ HTTP/1.1" 200 272
INFO 2026-10-06 13:15:11,145 backend.requests request_id=80b8ea40ff054036ab104ad63e7cde0e request_finished
INFO 2026-10-06 13:15:11,146 django.server request_id=- "GET /api/bookings/46/ HTTP/1.1" 200 1293
INFO 2026-10-06 13:15:11,459 backend.requests request_id=1f211e091ed94b098a69d95fe8fc627d request_finished
INFO 2026-10-06 13:15:11,470 django.server request_id=- "GET /api/auth/me/ HTTP/1.1" 200 259
INFO 2026-10-06 13:15:11,777 backend.requests request_id=d0a66ea1c32a4ee8817fa0c9e1b27a5d request_finished
INFO 2026-10-06 13:15:11,790 django.server request_id=- "GET /api/workflow-notification-counts/ HTTP/1.1" 200 4046
INFO 2026-10-06 13:15:13,643 backend.requests request_id=cce0d87b0e6047ad9f82c8b6e6c530e6 request_finished
INFO 2026-10-06 13:15:13,644 django.server request_id=- "GET /api/workflow-notification-counts/ HTTP/1.1" 200 4046
INFO 2026-10-06 13:15:17,061 backend.requests request_id=283e85f9849e44919246833c1fd81715 request_finished
INFO 2026-10-06 13:15:17,073 django.server request_id=- "GET /api/bookings/availability/?month=10&year=2026 HTTP/1.1" 200 10174
INFO 2026-10-06 13:15:17,181 backend.requests request_id=e7891908575d4e5b8c3b84a395f0c5ca request_finished
INFO 2026-10-06 13:15:17,182 django.server request_id=- "GET /api/workflow-notification-counts/ HTTP/1.1" 200 4046
INFO 2026-10-06 13:15:21,395 backend.requests request_id=4d7a0f237b7549cab9c092b45ba5cfd8 request_finished
INFO 2026-10-06 13:15:21,406 django.server request_id=- "GET /api/room-available-rooms-range/?arrival_date=2026-10-09&departure_date=2026-10-15&prefix=Delta HTTP/1.1" 200 2034
INFO 2026-10-06 13:15:24,861 backend.requests request_id=2fd9d95b58774a6a9a0de6b98ea05ff4 request_finished
INFO 2026-10-06 13:15:24,862 django.server request_id=- "GET /api/room-available-rooms-range/?arrival_date=2026-10-09&departure_date=2026-10-15&prefix=Delta HTTP/1.1" 200 2034
INFO 2026-10-06 13:15:25,115 backend.requests request_id=487dacc39e594265a5373344bc0e6c39 request_finished
INFO 2026-10-06 13:15:25,126 django.server request_id=- "GET /api/auth/me/ HTTP/1.1" 200 259
INFO 2026-10-06 13:15:25,315 backend.requests request_id=a528937b997e4612b76f0893d2ec900d request_finished
INFO 2026-10-06 13:15:25,316 django.server request_id=- "GET /api/room-available-rooms-range/?arrival_date=2026-10-09&departure_date=2026-10-15&prefix=Gamma HTTP/1.1" 200 1536
INFO 2026-10-06 13:15:25,326 backend.requests request_id=3c6da2dfd1ae4339a42f264e3fe33a06 request_finished
INFO 2026-10-06 13:15:25,326 django.server request_id=- "GET /api/workflow-notification-counts/ HTTP/1.1" 200 4046
INFO 2026-10-06 13:15:25,430 backend.requests request_id=8478c41de341489f9e6cbf8156dea9ca request_finished
INFO 2026-10-06 13:15:25,430 django.server request_id=- "GET /api/room-available-rooms-range/?arrival_date=2026-10-09&departure_date=2026-10-15&prefix=Beta HTTP/1.1" 200 2916
INFO 2026-10-06 13:15:49,459 backend.requests request_id=2e9c2e644a51466bb6bd9aa00253e74c request_finished
INFO 2026-10-06 13:15:49,471 django.server request_id=- "GET /api/auth/me/ HTTP/1.1" 200 259
INFO 2026-10-06 13:15:49,720 backend.requests request_id=2d363e8f85ce45369b3502f98df76930 request_finished
INFO 2026-10-06 13:15:49,732 django.server request_id=- "GET /api/bookings/availability/?month=10&year=2026 HTTP/1.1" 200 10174
INFO 2026-10-06 13:15:49,822 backend.requests request_id=7f7229f4212547cdb42658a7f22516e6 request_finished
INFO 2026-10-06 13:15:49,823 django.server request_id=- "GET /api/workflow-notification-counts/ HTTP/1.1" 200 4046
INFO 2026-10-06 13:15:55,439 backend.requests request_id=0c32cfc3da024a1893daf521d1316197 request_finished
INFO 2026-10-06 13:15:55,440 django.server request_id=- "GET /api/bookings/?page=1&status=active HTTP/1.1" 200 1112
INFO 2026-10-06 13:15:55,447 backend.requests request_id=4cbf69e08b6e4e1bafbb1e8486b081d5 request_finished
INFO 2026-10-06 13:15:55,448 django.server request_id=- "GET /api/workflow-notification-counts/ HTTP/1.1" 200 4046
INFO 2026-10-06 13:15:57,844 backend.requests request_id=6c0fe12dad524c3f93d156167f4e9616 request_finished
INFO 2026-10-06 13:15:57,857 django.server request_id=- "GET /api/bookings/?page=1&status=active HTTP/1.1" 200 1112
INFO 2026-10-06 13:15:59,817 backend.requests request_id=3ff3fc5829a54fa180afa0ff6b5f4e3b request_finished
INFO 2026-10-06 13:15:59,817 django.server request_id=- "GET /api/auth/me/ HTTP/1.1" 200 259
INFO 2026-10-06 13:16:00,182 backend.requests request_id=0cc0ba0567604ae991e632ca65409080 request_finished
INFO 2026-10-06 13:16:00,184 django.server request_id=- "GET /api/bookings/46/ HTTP/1.1" 200 1293
INFO 2026-10-06 13:16:00,190 backend.requests request_id=7c76537ef4a14011aa7219ed3240e5b5 request_finished
INFO 2026-10-06 13:16:00,191 django.server request_id=- "GET /api/workflow-notification-counts/ HTTP/1.1" 200 4046
INFO 2026-10-06 13:16:01,596 backend.requests request_id=f3147afb6835452dbd07192b95f66c67 request_finished
INFO 2026-10-06 13:16:01,597 django.server request_id=- "GET /api/bookings/46/mail-template/ HTTP/1.1" 200 7129
INFO 2026-10-06 13:16:20,028 backend.requests request_id=60f8cdfe40d04fd88854065f9eb9e764 request_finished
INFO 2026-10-06 13:16:20,039 django.server request_id=- "GET /api/auth/me/ HTTP/1.1" 200 259
INFO 2026-10-06 13:16:20,373 backend.requests request_id=a448ca5879ac486bad5c580900909b2d request_finished
INFO 2026-10-06 13:16:20,385 django.server request_id=- "GET /api/workflow-notification-counts/ HTTP/1.1" 200 4046
INFO 2026-10-06 13:16:22,913 backend.requests request_id=9e2d2c986dc644b7927d7b56ed2ac2ed request_finished
INFO 2026-10-06 13:16:22,914 backend.requests request_id=75fa1a1e6d16483bb94e8900230ec1ba request_finished
INFO 2026-10-06 13:16:22,925 django.server request_id=- "POST /api/workflow-notifications/mark-read/ HTTP/1.1" 200 4043
INFO 2026-10-06 13:16:22,925 django.server request_id=- "POST /api/workflow-notifications/mark-read/ HTTP/1.1" 200 4043
INFO 2026-10-06 13:16:24,001 backend.requests request_id=04a65239d9d440b39a8a5a6e5ff7cc92 request_finished
INFO 2026-10-06 13:16:24,012 django.server request_id=- "GET /api/superadmin/account-requests/ HTTP/1.1" 200 77
INFO 2026-10-06 13:16:24,015 backend.requests request_id=973faa91e9a842309896c89568061987 request_finished
INFO 2026-10-06 13:16:24,015 django.server request_id=- "GET /api/workflow-notification-counts/ HTTP/1.1" 200 4046
INFO 2026-10-06 13:16:26,183 backend.requests request_id=0e779fff5a8c43759f41f1ceb47d36d7 request_finished
INFO 2026-10-06 13:16:26,184 django.server request_id=- "GET /api/superadmin/account-requests/ HTTP/1.1" 200 77
INFO 2026-10-06 13:16:54,024 backend.requests request_id=d9a772364b254fd88e5bd81c9f958257 request_finished
INFO 2026-10-06 13:16:54,025 django.server request_id=- "GET /api/workflow-notification-counts/ HTTP/1.1" 200 4046
WARNING 2026-10-06 13:17:24,058 backend.exceptions request_id=caeec85e31d04954a83ffca708ea2de0 api_request_rejected
INFO 2026-10-06 13:17:24,059 backend.requests request_id=caeec85e31d04954a83ffca708ea2de0 request_finished
Unauthorized: /api/workflow-notification-counts/
WARNING 2026-10-06 13:17:24,059 django.request request_id=- Unauthorized: /api/workflow-notification-counts/
WARNING 2026-10-06 13:17:24,060 django.server request_id=- "GET /api/workflow-notification-counts/ HTTP/1.1" 401 194
INFO 2026-10-06 13:17:24,222 backend.requests request_id=08591c28cba747c68d538360e0cb63cc request_finished
INFO 2026-10-06 13:17:24,222 django.server request_id=- "POST /api/auth/token/refresh/ HTTP/1.1" 200 245
INFO 2026-10-06 13:17:24,252 backend.requests request_id=8c96be1b70d44033acdebf329b62eb7f request_finished
INFO 2026-10-06 13:17:24,253 django.server request_id=- "GET /api/workflow-notification-counts/ HTTP/1.1" 200 4046
INFO 2026-10-06 13:17:54,030 backend.requests request_id=a728c9fa7e414e94bf60cbe205f91a81 request_finished
INFO 2026-10-06 13:17:54,031 django.server request_id=- "GET /api/workflow-notification-counts/ HTTP/1.1" 200 4046
INFO 2026-10-06 13:18:09,899 backend.requests request_id=54a18468dc5f4741ad0f3f66cf5af97b request_finished
INFO 2026-10-06 13:18:09,900 django.server request_id=- "GET /api/superadmin/account-requests/ HTTP/1.1" 200 77
INFO 2026-10-06 13:18:12,510 backend.requests request_id=569fd5f0d51a40c096b795ed6ee8cd14 request_finished
INFO 2026-10-06 13:18:12,511 django.server request_id=- "GET /api/auth/me/ HTTP/1.1" 200 259
INFO 2026-10-06 13:18:12,775 backend.requests request_id=2e06c611ebb548eaa2f874d1d4529dab request_finished
INFO 2026-10-06 13:18:12,777 django.server request_id=- "GET /api/bookings/?page=1&status=active HTTP/1.1" 200 1112
INFO 2026-10-06 13:18:12,823 backend.requests request_id=7c13c544770b47839146e5c116f927a9 request_finished
INFO 2026-10-06 13:18:12,824 django.server request_id=- "GET /api/workflow-notification-counts/ HTTP/1.1" 200 4456
INFO 2026-10-06 13:18:14,907 backend.requests request_id=69c1fc93f4de4ae7a79e8e5b3edcd0a0 request_finished
INFO 2026-10-06 13:18:14,907 django.server request_id=- "POST /api/workflow-notifications/mark-read/ HTTP/1.1" 200 4477
INFO 2026-10-06 13:18:15,643 backend.requests request_id=ead6f95eb09542e3b0f8c43877f704d3 request_finished
INFO 2026-10-06 13:18:15,645 django.server request_id=- "GET /api/admin/booking-requests/ HTTP/1.1" 200 1317
INFO 2026-10-06 13:18:15,655 backend.requests request_id=1c84dffc701448c19bf7a32a39d93690 request_finished
INFO 2026-10-06 13:18:15,656 django.server request_id=- "GET /api/workflow-notification-counts/ HTTP/1.1" 200 4480
INFO 2026-10-06 13:18:16,432 backend.requests request_id=d99cde31857c42a8a4a1749ac1a49f32 request_finished
INFO 2026-10-06 13:18:16,433 django.server request_id=- "GET /api/admin/booking-requests/16/ HTTP/1.1" 200 1344
INFO 2026-10-06 13:18:16,848 backend.requests request_id=932edd3599164f0b93ee2d1b48671120 request_finished
INFO 2026-10-06 13:18:16,848 django.server request_id=- "GET /api/room-available-rooms-range/?arrival_date=2026-10-20&departure_date=2026-10-24&prefix=Delta HTTP/1.1" 200 2022
INFO 2026-10-06 13:18:17,496 backend.requests request_id=3d0f06d20abb45b3b60c2e9bc93910ff request_finished
INFO 2026-10-06 13:18:17,498 django.server request_id=- "GET /api/room-available-rooms-range/?arrival_date=2026-10-20&departure_date=2026-10-24&prefix=Gamma HTTP/1.1" 200 1536
INFO 2026-10-06 13:18:17,507 backend.requests request_id=ab6cc242bebd4f7c8932c3f8b9580a75 request_finished
INFO 2026-10-06 13:18:17,508 django.server request_id=- "GET /api/workflow-notification-counts/ HTTP/1.1" 200 4480
INFO 2026-10-06 13:18:17,521 backend.requests request_id=ba1549a5f7c44fe697f4e9f21f9a39e9 request_finished
INFO 2026-10-06 13:18:17,522 django.server request_id=- "GET /api/room-available-rooms-range/?arrival_date=2026-10-20&departure_date=2026-10-24&prefix=Beta HTTP/1.1" 200 2916
INFO 2026-10-06 13:18:32,073 backend.requests request_id=cfaccc49eb6a4b3681dd29ec7d0fa50b request_finished
INFO 2026-10-06 13:18:32,085 django.server request_id=- "GET /api/auth/me/ HTTP/1.1" 200 259
INFO 2026-10-06 13:18:32,284 backend.requests request_id=4140e1c7c2fe4944872a33416e397f27 request_finished
INFO 2026-10-06 13:18:32,285 django.server request_id=- "GET /api/bookings/availability/?month=10&year=2026 HTTP/1.1" 200 10174
INFO 2026-10-06 13:18:32,391 backend.requests request_id=a42f4972d97a4d25b498e80808e7d2d7 request_finished
INFO 2026-10-06 13:18:32,391 django.server request_id=- "GET /api/workflow-notification-counts/ HTTP/1.1" 200 4480
INFO 2026-10-06 13:18:47,348 backend.requests request_id=1365022eb82246e3a0b8cc9a985fedc6 request_finished
INFO 2026-10-06 13:18:47,359 django.server request_id=- "GET /api/bookings/availability/?month=10&year=2026 HTTP/1.1" 200 10174
INFO 2026-10-06 13:18:49,036 backend.requests request_id=39b1468f6f82480797805aa8f203efd0 request_finished
INFO 2026-10-06 13:18:49,047 django.server request_id=- "GET /api/bookings/availability/?month=10&year=2026 HTTP/1.1" 200 10174
INFO 2026-10-06 13:18:50,600 backend.requests request_id=c0a5dbcafaaf40819c3c902f1c464f03 request_finished
INFO 2026-10-06 13:18:50,601 django.server request_id=- "GET /api/bookings/availability/?month=10&year=2026 HTTP/1.1" 200 10174
INFO 2026-10-06 13:18:51,482 backend.requests request_id=5727905c271f4f8ba1d9db5c64c2ab63 request_finished
INFO 2026-10-06 13:18:51,483 django.server request_id=- "GET /api/bookings/availability/?month=10&year=2026 HTTP/1.1" 200 10174
INFO 2026-10-06 13:18:51,914 backend.requests request_id=831fae95162c427e93b1fd04962c8f25 request_finished
INFO 2026-10-06 13:18:51,915 django.server request_id=- "GET /api/bookings/availability/?month=10&year=2026 HTTP/1.1" 200 10174
INFO 2026-10-06 13:18:54,003 backend.requests request_id=fb5b10f34a9e411195a4093e313960bf request_finished
INFO 2026-10-06 13:18:54,004 django.server request_id=- "POST /api/workflow-notifications/mark-read/ HTTP/1.1" 200 4912
INFO 2026-10-06 13:18:54,350 backend.requests request_id=2fe12103221845f4a237b686eb8c63e7 request_finished
INFO 2026-10-06 13:18:54,350 django.server request_id=- "GET /api/auth/me/ HTTP/1.1" 200 259
INFO 2026-10-06 13:18:54,656 backend.requests request_id=f80f690a36b446b3a78ec1abc2d7273a request_finished
INFO 2026-10-06 13:18:54,657 django.server request_id=- "GET /api/admin/booking-requests/ HTTP/1.1" 200 2588
INFO 2026-10-06 13:18:54,668 backend.requests request_id=4d5a9171c250460eb464cd32eac3acd4 request_finished
INFO 2026-10-06 13:18:54,669 django.server request_id=- "GET /api/workflow-notification-counts/ HTTP/1.1" 200 4915
INFO 2026-10-06 13:18:55,692 backend.requests request_id=fec3c9eef6e14090ab72623af2d0ca8d request_finished
INFO 2026-10-06 13:18:55,703 django.server request_id=- "GET /api/admin/booking-requests/ HTTP/1.1" 200 2588
INFO 2026-10-06 13:18:56,428 backend.requests request_id=15311aeabf874b70982c9698ee89e1ab request_finished
INFO 2026-10-06 13:18:56,429 django.server request_id=- "GET /api/admin/booking-requests/17/ HTTP/1.1" 200 1344
INFO 2026-10-06 13:18:56,890 backend.requests request_id=dae98800f1d040a99cf6974dc8b80ce2 request_finished
INFO 2026-10-06 13:18:56,891 django.server request_id=- "GET /api/room-available-rooms-range/?arrival_date=2026-10-09&departure_date=2026-10-16&prefix=Delta HTTP/1.1" 200 2034
INFO 2026-10-06 13:18:57,462 backend.requests request_id=84a68f8f58604558a3231c684ceb5f10 request_finished
INFO 2026-10-06 13:18:57,463 django.server request_id=- "GET /api/room-available-rooms-range/?arrival_date=2026-10-09&departure_date=2026-10-16&prefix=Gamma HTTP/1.1" 200 1536
INFO 2026-10-06 13:18:57,476 backend.requests request_id=431b6f23dd554df4967282dc8fa7a0f4 request_finished
INFO 2026-10-06 13:18:57,477 django.server request_id=- "GET /api/workflow-notification-counts/ HTTP/1.1" 200 4915
INFO 2026-10-06 13:18:57,487 backend.requests request_id=ff35d48e87854f9b9171eb879d34ac7e request_finished
INFO 2026-10-06 13:18:57,488 django.server request_id=- "GET /api/room-available-rooms-range/?arrival_date=2026-10-09&departure_date=2026-10-16&prefix=Beta HTTP/1.1" 200 2916
INFO 2026-10-06 13:19:27,499 backend.requests request_id=4208c5516fe14b419d56005f5859d03c request_finished
INFO 2026-10-06 13:19:27,500 django.server request_id=- "GET /api/workflow-notification-counts/ HTTP/1.1" 200 4480
ERROR 2026-10-06 13:19:27,825 bookings.services.google_sheet_sync request_id=f7be28b657904ff2acf6639818ed1d03 Failed to queue Google Sheet calendar sync task
Traceback (most recent call last):
  File "C:\Users\LENOVO\RoomBooking_backend\venv\Lib\site-packages\kombu\utils\functional.py", line 32, in __call__
    return self.__value__
           ^^^^^^^^^^^^^^
AttributeError: 'ChannelPromise' object has no attribute '__value__'. Did you mean: '__call__'?

During handling of the above exception, another exception occurred:

Traceback (most recent call last):
  File "C:\Users\LENOVO\RoomBooking_backend\venv\Lib\site-packages\kombu\transport\virtual\base.py", line 951, in create_channel
    return self._avail_channels.pop()
           ~~~~~~~~~~~~~~~~~~~~~~~~^^
IndexError: pop from empty list

During handling of the above exception, another exception occurred:

Traceback (most recent call last):
  File "C:\Users\LENOVO\RoomBooking_backend\venv\Lib\site-packages\redis\connection.py", line 855, in connect_check_health
    sock = self.retry.call_with_retry(
        lambda: self._connect(), lambda error: self.disconnect(error)
    )
  File "C:\Users\LENOVO\RoomBooking_backend\venv\Lib\site-packages\redis\retry.py", line 116, in call_with_retry
    return do()
  File "C:\Users\LENOVO\RoomBooking_backend\venv\Lib\site-packages\redis\connection.py", line 856, in <lambda>
    lambda: self._connect(), lambda error: self.disconnect(error)
            ~~~~~~~~~~~~~^^
  File "C:\Users\LENOVO\RoomBooking_backend\venv\Lib\site-packages\redis\connection.py", line 1306, in _connect
    raise err
  File "C:\Users\LENOVO\RoomBooking_backend\venv\Lib\site-packages\redis\connection.py", line 1290, in _connect
    sock.connect(socket_address)
    ~~~~~~~~~~~~^^^^^^^^^^^^^^^^
ConnectionRefusedError: [WinError 10061] No connection could be made because the target machine actively refused it

During handling of the above exception, another exception occurred:

Traceback (most recent call last):
  File "C:\Users\LENOVO\RoomBooking_backend\venv\Lib\site-packages\kombu\connection.py", line 474, in _reraise_as_library_errors
    yield
  File "C:\Users\LENOVO\RoomBooking_backend\venv\Lib\site-packages\kombu\connection.py", line 461, in _ensure_connection
    return retry_over_time(
        self._connection_factory, self.recoverable_connection_errors,
    ...<2 lines>...
        callback, timeout=timeout
    )
  File "C:\Users\LENOVO\RoomBooking_backend\venv\Lib\site-packages\kombu\utils\functional.py", line 318, in retry_over_time
    return fun(*args, **kwargs)
  File "C:\Users\LENOVO\RoomBooking_backend\venv\Lib\site-packages\kombu\connection.py", line 941, in _connection_factory
    self._connection = self._establish_connection()
                       ~~~~~~~~~~~~~~~~~~~~~~~~~~^^
  File "C:\Users\LENOVO\RoomBooking_backend\venv\Lib\site-packages\kombu\connection.py", line 863, in _establish_connection
    conn = self.transport.establish_connection()
  File "C:\Users\LENOVO\RoomBooking_backend\venv\Lib\site-packages\kombu\transport\virtual\base.py", line 975, in establish_connection
    self._avail_channels.append(self.create_channel(self))
                                ~~~~~~~~~~~~~~~~~~~^^^^^^
  File "C:\Users\LENOVO\RoomBooking_backend\venv\Lib\site-packages\kombu\transport\virtual\base.py", line 953, in create_channel
    channel = self.Channel(connection)
  File "C:\Users\LENOVO\RoomBooking_backend\venv\Lib\site-packages\kombu\transport\redis.py", line 757, in __init__
    self.client.ping()
    ~~~~~~~~~~~~~~~~^^
  File "C:\Users\LENOVO\RoomBooking_backend\venv\Lib\site-packages\redis\commands\core.py", line 1226, in ping
    return self.execute_command("PING", **kwargs)
           ~~~~~~~~~~~~~~~~~~~~^^^^^^^^^^^^^^^^^^
  File "C:\Users\LENOVO\RoomBooking_backend\venv\Lib\site-packages\redis\client.py", line 657, in execute_command
    return self._execute_command(*args, **options)
           ~~~~~~~~~~~~~~~~~~~~~^^^^^^^^^^^^^^^^^^
  File "C:\Users\LENOVO\RoomBooking_backend\venv\Lib\site-packages\redis\client.py", line 663, in _execute_command
    conn = self.connection or pool.get_connection()
                              ~~~~~~~~~~~~~~~~~~~^^
  File "C:\Users\LENOVO\RoomBooking_backend\venv\Lib\site-packages\redis\utils.py", line 196, in wrapper
    return func(*args, **kwargs)
  File "C:\Users\LENOVO\RoomBooking_backend\venv\Lib\site-packages\redis\connection.py", line 2603, in get_connection
    connection.connect()
    ~~~~~~~~~~~~~~~~~~^^
  File "C:\Users\LENOVO\RoomBooking_backend\venv\Lib\site-packages\redis\connection.py", line 846, in connect
    self.connect_check_health(check_health=True)
    ~~~~~~~~~~~~~~~~~~~~~~~~~^^^^^^^^^^^^^^^^^^^
  File "C:\Users\LENOVO\RoomBooking_backend\venv\Lib\site-packages\redis\connection.py", line 863, in connect_check_health
    raise ConnectionError(self._error_message(e))
redis.exceptions.ConnectionError: Error 10061 connecting to 127.0.0.1:6379. No connection could be made because the target machine actively refused it.

The above exception was the direct cause of the following exception:

Traceback (most recent call last):
  File "C:\Users\LENOVO\RoomBooking_backend\bookings\services\google_sheet_sync.py", line 496, in request_calendar_sync
    sync_google_sheet_calendar.delay()
    ~~~~~~~~~~~~~~~~~~~~~~~~~~~~~~~~^^
  File "C:\Users\LENOVO\RoomBooking_backend\venv\Lib\site-packages\celery\app\task.py", line 444, in delay
    return self.apply_async(args, kwargs)
           ~~~~~~~~~~~~~~~~^^^^^^^^^^^^^^
  File "C:\Users\LENOVO\RoomBooking_backend\venv\Lib\site-packages\celery\app\task.py", line 608, in apply_async
    return app.send_task(
           ~~~~~~~~~~~~~^
        self.name, args, kwargs, task_id=task_id, producer=producer,
        ^^^^^^^^^^^^^^^^^^^^^^^^^^^^^^^^^^^^^^^^^^^^^^^^^^^^^^^^^^^^
    ...<2 lines>...
        **options
        ^^^^^^^^^
    )
    ^
  File "C:\Users\LENOVO\RoomBooking_backend\venv\Lib\site-packages\celery\app\base.py", line 947, in send_task
    amqp.send_task_message(P, name, message, **options)
    ~~~~~~~~~~~~~~~~~~~~~~^^^^^^^^^^^^^^^^^^^^^^^^^^^^^
  File "C:\Users\LENOVO\RoomBooking_backend\venv\Lib\site-packages\celery\app\amqp.py", line 559, in send_task_message
    ret = producer.publish(
        body,
    ...<8 lines>...
        **properties
    )
  File "C:\Users\LENOVO\RoomBooking_backend\venv\Lib\site-packages\kombu\messaging.py", line 190, in publish
    return _publish(
        body, priority, content_type, content_encoding,
        headers, properties, routing_key, mandatory, immediate,
        exchange_name, declare, timeout, confirm_timeout, retry, retry_policy
    )
  File "C:\Users\LENOVO\RoomBooking_backend\venv\Lib\site-packages\kombu\connection.py", line 558, in _ensured
    return fun(*args, **kwargs)
  File "C:\Users\LENOVO\RoomBooking_backend\venv\Lib\site-packages\kombu\messaging.py", line 200, in _publish
    channel = self.channel
              ^^^^^^^^^^^^
  File "C:\Users\LENOVO\RoomBooking_backend\venv\Lib\site-packages\kombu\messaging.py", line 224, in _get_channel
    channel = self._channel = channel()
                              ~~~~~~~^^
  File "C:\Users\LENOVO\RoomBooking_backend\venv\Lib\site-packages\kombu\utils\functional.py", line 34, in __call__
    value = self.__value__ = self.__contract__()
                             ~~~~~~~~~~~~~~~~~^^
  File "C:\Users\LENOVO\RoomBooking_backend\venv\Lib\site-packages\kombu\messaging.py", line 240, in <lambda>
    channel = ChannelPromise(lambda: connection.default_channel)
                                     ^^^^^^^^^^^^^^^^^^^^^^^^^^
  File "C:\Users\LENOVO\RoomBooking_backend\venv\Lib\site-packages\kombu\connection.py", line 960, in default_channel
    self._ensure_connection(**conn_opts)
    ~~~~~~~~~~~~~~~~~~~~~~~^^^^^^^^^^^^^
  File "C:\Users\LENOVO\RoomBooking_backend\venv\Lib\site-packages\kombu\connection.py", line 460, in _ensure_connection
    with ctx():
         ~~~^^
  File "C:\Users\LENOVO\AppData\Local\Programs\Python\Python313\Lib\contextlib.py", line 162, in __exit__
    self.gen.throw(value)
    ~~~~~~~~~~~~~~^^^^^^^
  File "C:\Users\LENOVO\RoomBooking_backend\venv\Lib\site-packages\kombu\connection.py", line 478, in _reraise_as_library_errors
    raise ConnectionError(str(exc)) from exc
kombu.exceptions.OperationalError: Error 10061 connecting to 127.0.0.1:6379. No connection could be made because the target machine actively refused it.
INFO 2026-10-06 13:19:27,846 backend.requests request_id=f7be28b657904ff2acf6639818ed1d03 request_finished
INFO 2026-10-06 13:19:27,846 django.server request_id=- "POST /api/admin/booking-requests/17/approve/ HTTP/1.1" 200 1383
INFO 2026-10-06 13:19:28,263 backend.requests request_id=af8268b916844917a5149b720393edd3 request_finished
INFO 2026-10-06 13:19:28,275 django.server request_id=- "GET /api/auth/me/ HTTP/1.1" 200 259
INFO 2026-10-06 13:19:28,570 backend.requests request_id=656485a1af9c437c9860aa00a92df033 request_finished
INFO 2026-10-06 13:19:28,571 django.server request_id=- "GET /api/admin/booking-requests/ HTTP/1.1" 200 2656
INFO 2026-10-06 13:19:28,610 backend.requests request_id=bf018197119d4bffa5d4f69d135e71e3 request_finished
INFO 2026-10-06 13:19:28,611 django.server request_id=- "GET /api/workflow-notification-counts/ HTTP/1.1" 200 4480
INFO 2026-10-06 13:19:29,624 backend.requests request_id=2d42419ea11b422b8c2fbbcebfad30f9 request_finished
INFO 2026-10-06 13:19:29,635 django.server request_id=- "GET /api/admin/booking-requests/16/ HTTP/1.1" 200 1344
INFO 2026-10-06 13:19:30,070 backend.requests request_id=18d54c998086484fa6dedff50e96a732 request_finished
INFO 2026-10-06 13:19:30,070 django.server request_id=- "GET /api/room-available-rooms-range/?arrival_date=2026-10-20&departure_date=2026-10-24&prefix=Delta HTTP/1.1" 200 2022
INFO 2026-10-06 13:19:30,763 backend.requests request_id=122b86a3f2b24f16873ddd22a7de95c5 request_finished
INFO 2026-10-06 13:19:30,764 django.server request_id=- "GET /api/room-available-rooms-range/?arrival_date=2026-10-20&departure_date=2026-10-24&prefix=Gamma HTTP/1.1" 200 1536
INFO 2026-10-06 13:19:30,773 backend.requests request_id=bc08b31b5ffc4b6ebcf9a8399fb916d5 request_finished
INFO 2026-10-06 13:19:30,773 django.server request_id=- "GET /api/workflow-notification-counts/ HTTP/1.1" 200 4480
INFO 2026-10-06 13:19:30,795 backend.requests request_id=4bfaadc522144e0692c386c53567174c request_finished
INFO 2026-10-06 13:19:30,796 django.server request_id=- "GET /api/room-available-rooms-range/?arrival_date=2026-10-20&departure_date=2026-10-24&prefix=Beta HTTP/1.1" 200 2916
INFO 2026-10-06 13:19:40,418 backend.requests request_id=9fa8d49896014f36a66e9a541d70d220 request_finished
INFO 2026-10-06 13:19:40,418 django.server request_id=- "POST /api/admin/booking-requests/16/send-back/ HTTP/1.1" 200 1405
INFO 2026-10-06 13:19:40,682 backend.requests request_id=162afa3be673441c90581a1dfd32998f request_finished
INFO 2026-10-06 13:19:40,683 django.server request_id=- "GET /api/auth/me/ HTTP/1.1" 200 259
INFO 2026-10-06 13:19:40,941 backend.requests request_id=17d71f92b9db4202ac49fa6872b2accd request_finished
INFO 2026-10-06 13:19:40,942 django.server request_id=- "GET /api/admin/booking-requests/ HTTP/1.1" 200 2713
INFO 2026-10-06 13:19:40,975 backend.requests request_id=9f5215cce2584c26a4fa1e0351a5b9b7 request_finished
INFO 2026-10-06 13:19:40,975 django.server request_id=- "GET /api/workflow-notification-counts/ HTTP/1.1" 200 4046
INFO 2026-10-06 13:20:10,976 backend.requests request_id=5a4d5a76bbb24f0bb2280ea6520818ea request_finished
INFO 2026-10-06 13:20:10,977 django.server request_id=- "GET /api/workflow-notification-counts/ HTTP/1.1" 200 4046
INFO 2026-10-06 13:20:32,996 backend.requests request_id=91fc3e0f05a24d31bbccf0a3085dbe48 request_finished
INFO 2026-10-06 13:20:32,997 django.server request_id=- "GET /api/admin/booking-requests/ HTTP/1.1" 200 2666
INFO 2026-10-06 13:20:33,670 backend.requests request_id=6b849444cee542b0a88e4755de0a68bd request_finished
INFO 2026-10-06 13:20:33,671 django.server request_id=- "GET /api/admin/booking-requests/16/ HTTP/1.1" 200 1354
INFO 2026-10-06 13:20:34,107 backend.requests request_id=0ef47545a58e475f8196a6fb8a5c16dd request_finished
INFO 2026-10-06 13:20:34,108 django.server request_id=- "GET /api/room-available-rooms-range/?arrival_date=2026-10-20&departure_date=2026-10-24&prefix=Delta HTTP/1.1" 200 2022
INFO 2026-10-06 13:20:34,276 backend.requests request_id=a1f6b9805b4348699560530afbc507a4 request_finished
INFO 2026-10-06 13:20:34,276 django.server request_id=- "GET /api/auth/me/ HTTP/1.1" 200 259
INFO 2026-10-06 13:20:34,750 backend.requests request_id=aeed1fb939cc463299a1a4ab7035177e request_finished
INFO 2026-10-06 13:20:34,762 django.server request_id=- "GET /api/room-available-rooms-range/?arrival_date=2026-10-20&departure_date=2026-10-24&prefix=Gamma HTTP/1.1" 200 1536
INFO 2026-10-06 13:20:34,778 backend.requests request_id=4c2829cdc81b4496ad4c0b6c1f4f4ce5 request_finished
INFO 2026-10-06 13:20:34,778 django.server request_id=- "GET /api/room-available-rooms-range/?arrival_date=2026-10-20&departure_date=2026-10-24&prefix=Beta HTTP/1.1" 200 2916
INFO 2026-10-06 13:20:34,782 backend.requests request_id=d57ff40ef65847d4aed4a1cd687fd1bf request_finished
INFO 2026-10-06 13:20:34,782 django.server request_id=- "GET /api/workflow-notification-counts/ HTTP/1.1" 200 4848
INFO 2026-10-06 13:20:41,760 backend.requests request_id=8b5aa3a65daa47fbabe5f983a1da0f0c request_finished
INFO 2026-10-06 13:20:41,760 django.server request_id=- "DELETE /api/admin/booking-requests/16/delete/ HTTP/1.1" 200 1398
INFO 2026-10-06 13:20:42,096 backend.requests request_id=b216c3d7a3794f7dbbf2c788b049f071 request_finished
INFO 2026-10-06 13:20:42,098 django.server request_id=- "GET /api/admin/booking-requests/ HTTP/1.1" 200 1385
INFO 2026-10-06 13:20:42,129 backend.requests request_id=f86a9028481443078155a75832926274 request_finished
INFO 2026-10-06 13:20:42,130 django.server request_id=- "GET /api/workflow-notification-counts/ HTTP/1.1" 200 4046
INFO 2026-10-06 13:21:12,147 backend.requests request_id=be6cce2eb9314489bb6aa4d7e19d016e request_finished
INFO 2026-10-06 13:21:12,159 django.server request_id=- "GET /api/workflow-notification-counts/ HTTP/1.1" 200 4046
INFO 2026-10-06 13:21:42,168 backend.requests request_id=4bc4852e71ce4c9c9dfffd7cf54bf018 request_finished
INFO 2026-10-06 13:21:42,170 django.server request_id=- "GET /api/workflow-notification-counts/ HTTP/1.1" 200 4046
INFO 2026-10-06 13:22:06,355 django.server request_id=- - Broken pipe from ('10.50.48.142', 44366)
INFO 2026-10-06 13:22:06,355 django.server request_id=- - Broken pipe from ('10.50.48.142', 43920)
INFO 2026-10-06 13:22:06,355 django.server request_id=- - Broken pipe from ('10.50.48.142', 44380)
INFO 2026-10-06 13:36:37,092 backend.requests request_id=eb6d4201545f4259a96113997393fe86 request_finished
Not Found: /
WARNING 2026-10-06 13:36:37,092 django.request request_id=- Not Found: /
WARNING 2026-10-06 13:36:37,093 django.server request_id=- "GET / HTTP/1.1" 404 3071
INFO 2026-10-06 13:36:37,383 django.server request_id=- "GET /static/webapp/styles.css?v= HTTP/1.1" 200 124582
INFO 2026-10-06 13:36:37,475 django.server request_id=- - Broken pipe from ('10.50.27.89', 56205)
INFO 2026-10-06 13:36:54,778 backend.requests request_id=398766b31c1d452584428a113353d07e request_finished
INFO 2026-10-06 13:36:54,778 django.server request_id=- "GET /web/ HTTP/1.1" 200 1109
INFO 2026-10-06 13:36:54,818 django.server request_id=- - Broken pipe from ('10.50.27.89', 63042)
INFO 2026-10-06 13:37:31,158 backend.requests request_id=b04df87555d447a48ced1c9fcb85189a request_finished
INFO 2026-10-06 13:37:31,159 django.server request_id=- "GET /web/ HTTP/1.1" 200 1109
INFO 2026-10-06 13:37:31,184 django.server request_id=- "GET /static/webapp/styles.css?v=227278691860970f HTTP/1.1" 200 124741
INFO 2026-10-06 13:37:31,273 django.server request_id=- - Broken pipe from ('10.50.27.89', 64265)
INFO 2026-10-06 13:37:42,067 backend.requests request_id=55529983c9fc4e2690bdba73594fbfd4 request_finished
INFO 2026-10-06 13:37:42,067 django.server request_id=- "GET /web/ HTTP/1.1" 200 1109
INFO 2026-10-06 13:37:42,091 django.server request_id=- "GET /static/webapp/styles.css?v=227278691860970f HTTP/1.1" 200 124741
INFO 2026-10-06 13:37:42,181 django.server request_id=- - Broken pipe from ('10.50.27.89', 64273)
INFO 2026-10-06 14:48:34,228 backend.requests request_id=ab6cb630b32541e9b39e943cb134f45f request_finished
INFO 2026-10-06 14:48:34,229 django.server request_id=- "GET /web/ HTTP/1.1" 200 1109
INFO 2026-10-06 14:48:34,262 django.server request_id=- "GET /static/webapp/styles.css?v=82ccb2507a482d45 HTTP/1.1" 200 124026
INFO 2026-10-06 14:48:34,352 django.server request_id=- - Broken pipe from ('10.50.27.89', 60027)
